RouteStartStore;Адрес отправки;RegionDelivery;RouteEndCity;RouteEndStore;Адрес доставки;;
КОРОЛЕВ_ХАБ;Город Королев Улица Первомайская Дом 13Б;Московская область; ;МО_ЩЕЛКОВО_11;Московская обл, г Лосино-Петровский, рп Свердловский, ул Заречная, д 7;;
КОРОЛЕВ_ХАБ;Город Королев Улица Первомайская Дом 13Б;Московская область;Ивантеевка;МО_ИВАНТЕЕВКА_2;Московская обл, г Ивантеевка, ул Толмачева, д 1/2;;
КОРОЛЕВ_ХАБ;Город Королев Улица Первомайская Дом 13Б;Московская область;Ивантеевка;МО_ИВАНТЕЕВКА_3_МТС;Московская обл, г Ивантеевка, Советский пр-кт, д 2А;;
КОРОЛЕВ_ХАБ;Город Королев Улица Первомайская Дом 13Б;Московская область;Ивантеевка;МО_ИВАНТЕЕВКА_7;Московская обл, г Ивантеевка, ул Хлебозаводская, д 31/1;;
КОРОЛЕВ_ХАБ;Город Королев Улица Первомайская Дом 13Б;Московская область;Королев;МО_КОРОЛЕВ_11;Московская обл, г Королев, ул Богомолова, д 3А;;
КОРОЛЕВ_ХАБ;Город Королев Улица Первомайская Дом 13Б;Московская область;Королев;МО_КОРОЛЕВ_12;Московская обл, г Королев, пр-кт Королева, д 5Д;;
КОРОЛЕВ_ХАБ;Город Королев Улица Первомайская Дом 13Б;Московская область;Королев;МО_КОРОЛЕВ_5_МТС;Московская обл, г Королев, пр-кт Космонавтов, д 15;;
КОРОЛЕВ_ХАБ;Город Королев Улица Первомайская Дом 13Б;Московская область;Королев;МО_КОРОЛЕВ_6_МТС;Московская обл, г Королев, пр-кт Космонавтов, д 34Б;;
КОРОЛЕВ_ХАБ;Город Королев Улица Первомайская Дом 13Б;Московская область;Королев;МО_КОРОЛЕВ_8_МТС_Телефон.ру;Московская обл, г Королев, мкр Болшево, ул Железнодорожная, д 1/23А;;
КОРОЛЕВ_ХАБ;Город Королев Улица Первомайская Дом 13Б;Московская область;Королев;МО_КОРОЛЕВ_9_МТС;Московская обл, г Королев, пр-кт Королева, д 20;;
КОРОЛЕВ_ХАБ;Город Королев Улица Первомайская Дом 13Б;Московская область;Королев;МО_ЮБИЛЕЙНЫЙ_1;Московская обл, г Королев, ул Пионерская, д 1/4;;
КОРОЛЕВ_ХАБ;Город Королев Улица Первомайская Дом 13Б;Московская область;Королев;МО_ЮБИЛЕЙНЫЙ_2_МТС;Московская обл, г Королев, мкр Юбилейный, ул Пионерская, д 12;;
КОРОЛЕВ_ХАБ;Город Королев Улица Первомайская Дом 13Б;Московская область;Королев;МО_ЮБИЛЕЙНЫЙ_3;Московская обл, г Королев, мкр Юбилейный, ул Маяковского, д 2;;
КОРОЛЕВ_ХАБ;Город Королев Улица Первомайская Дом 13Б;Московская область;Красноармейск;МО_КРАСНОАРМЕЙСК_3;Московская обл, г Красноармейск, Северный мкр, д 17;;
КОРОЛЕВ_ХАБ;Город Королев Улица Первомайская Дом 13Б;Московская область;Мытищи;МО_МЫТИЩИ_10_МТС(закрыт);Московская обл, г Мытищи, ул Коммунистическая, д 1;;
КОРОЛЕВ_ХАБ;Город Королев Улица Первомайская Дом 13Б;Московская область;Мытищи;МО_МЫТИЩИ_12;Московская обл, г Мытищи, ул Мира, д 4;;
КОРОЛЕВ_ХАБ;Город Королев Улица Первомайская Дом 13Б;Московская область;Мытищи;МО_МЫТИЩИ_14;Московская обл, г Мытищи, ул Семашко, д 35, оф 19;;
КОРОЛЕВ_ХАБ;Город Королев Улица Первомайская Дом 13Б;Московская область;Мытищи;МО_МЫТИЩИ_15_МТС;Город Мытищи Проезд Шараповский Дом 3А;;
КОРОЛЕВ_ХАБ;Город Королев Улица Первомайская Дом 13Б;Московская область;Мытищи;МО_МЫТИЩИ_16;Московская обл, г Мытищи, ул Белобородова, д 3;;
КОРОЛЕВ_ХАБ;Город Королев Улица Первомайская Дом 13Б;Московская область;Мытищи;МО_МЫТИЩИ_17;Московская обл, г Мытищи, ул Юбилейная, д 36 к 1;;
КОРОЛЕВ_ХАБ;Город Королев Улица Первомайская Дом 13Б;Московская область;Мытищи;МО_МЫТИЩИ_18;Московская обл, г Мытищи, ул Борисовка, д 20А;;
КОРОЛЕВ_ХАБ;Город Королев Улица Первомайская Дом 13Б;Московская область;Мытищи;МО_МЫТИЩИ_3;Московская обл, г Мытищи, ул Попова, д 4;;
КОРОЛЕВ_ХАБ;Город Королев Улица Первомайская Дом 13Б;Московская область;Мытищи;МО_МЫТИЩИ_5;Московская обл, г Мытищи, ул Колонцова, д 5;;
КОРОЛЕВ_ХАБ;Город Королев Улица Первомайская Дом 13Б;Московская область;Мытищи;МО_МЫТИЩИ_8_МТС;Московская обл, г Мытищи, Олимпийский пр-кт, д 21 к 1;;
КОРОЛЕВ_ХАБ;Город Королев Улица Первомайская Дом 13Б;Московская область;Мытищи;МО_МЫТИЩИ_9_МТС(закрыт);Московская обл, г Мытищи, б-р Ветеранов, стр 2;;
КОРОЛЕВ_ХАБ;Город Королев Улица Первомайская Дом 13Б;Московская область;Пушкино;МО_ПУШКИНО_3;Московская обл, г Пушкино, ул Лесная, д 5, оф 110;;
КОРОЛЕВ_ХАБ;Город Королев Улица Первомайская Дом 13Б;Московская область;Пушкино;МО_Пушкино_4;Московская обл, г Пушкино, ул Грибоедова, д 3;;
КОРОЛЕВ_ХАБ;Город Королев Улица Первомайская Дом 13Б;Московская область;Пушкино;МО_ПУШКИНО_5_МТС;Город Пушкино Шоссе Ярославское Дом 7А;;
КОРОЛЕВ_ХАБ;Город Королев Улица Первомайская Дом 13Б;Московская область;Пушкино;МО_ПУШКИНО_6_МТС;Московская обл, г Пушкино, ул Чехова, д 12;;
КОРОЛЕВ_ХАБ;Город Королев Улица Первомайская Дом 13Б;Московская область;Пушкино;МО_ПУШКИНО_7;Город Пушкино Улица Чехова Дом 40/7;;
КОРОЛЕВ_ХАБ;Город Королев Улица Первомайская Дом 13Б;Московская область;Пушкино;МО_ПУШКИНО_8_МТС;Московская обл, г Пушкино, Московский пр-кт, д 4;;
КОРОЛЕВ_ХАБ;Город Королев Улица Первомайская Дом 13Б;Московская область;Пушкино;МО_ПУШКИНО_9_МТС;Город Пушкино Улица Вокзальная Дом 1/4;;
КОРОЛЕВ_ХАБ;Город Королев Улица Первомайская Дом 13Б;Московская область;Пушкино;Хаб-Ozon-Box-871_Пушкино_2й_Фабричный;Московская обл, г Пушкино, 2-й Фабричный проезд, д 16;;
КОРОЛЕВ_ХАБ;Город Королев Улица Первомайская Дом 13Б;Московская область;Сергиев Посад;МО_СЕРГИЕВ_ПОСАД_10_МТС(закрыт);Московская обл, г Сергиев Посад, ш Новоугличское, д 85;;
КОРОЛЕВ_ХАБ;Город Королев Улица Первомайская Дом 13Б;Московская область;Сергиев Посад;МО_СЕРГИЕВ_ПОСАД_11;Город Сергиев Посад Проспект Красной армии Дом 91б;;
КОРОЛЕВ_ХАБ;Город Королев Улица Первомайская Дом 13Б;Московская область;Сергиев Посад;МО_СЕРГИЕВ_ПОСАД_12;Московская обл, г Сергиев Посад, пр-кт Красной Армии, д 234 к 1;;
КОРОЛЕВ_ХАБ;Город Королев Улица Первомайская Дом 13Б;Московская область;Сергиев Посад;МО_СЕРГИЕВ_ПОСАД_13;Московская обл, г Сергиев Посад, пр-кт Красной Армии, д 205Д;;
КОРОЛЕВ_ХАБ;Город Королев Улица Первомайская Дом 13Б;Московская область;Сергиев Посад;МО_СЕРГИЕВ_ПОСАД_14;Московская обл, г Сергиев Посад, ш Новоугличское, д 73;;
КОРОЛЕВ_ХАБ;Город Королев Улица Первомайская Дом 13Б;Московская область;Сергиев Посад;МО_СЕРГИЕВ_ПОСАД_15( ЗАКРЫТ);Московская обл, г Сергиев Посад, Московское шоссе, д 22Б;;
КОРОЛЕВ_ХАБ;Город Королев Улица Первомайская Дом 13Б;Московская область;Сергиев Посад;МО_СЕРГИЕВ_ПОСАД_16;Город Сергиев Посад Проезд Хотьковский Дом 13;;
КОРОЛЕВ_ХАБ;Город Королев Улица Первомайская Дом 13Б;Московская область;Сергиев Посад;МО_СЕРГИЕВ_ПОСАД_9_МТС;Московская обл, г Сергиев Посад, пр-кт Красной Армии, д 139;;
КОРОЛЕВ_ХАБ;Город Королев Улица Первомайская Дом 13Б;Московская область;Фрязино;МО_ФРЯЗИНО_1;Московская обл, г Фрязино, ул Вокзальная, д 27;;
КОРОЛЕВ_ХАБ;Город Королев Улица Первомайская Дом 13Б;Московская область;Фрязино;МО_ФРЯЗИНО_2_МТС;Московская обл, г Фрязино, пр-кт Мира, д 18;;
КОРОЛЕВ_ХАБ;Город Королев Улица Первомайская Дом 13Б;Московская область;Фрязино;МО_ФРЯЗИНО_3;Московская обл, г Фрязино, пр-кт Мира, д 18;;
КОРОЛЕВ_ХАБ;Город Королев Улица Первомайская Дом 13Б;Московская область;Хотьково;МО_ХОТЬКОВО_2_МТС;Московская обл, Сергиево-Посадский р-н, г Хотьково, ул Михеенко, д 14;;
КОРОЛЕВ_ХАБ;Город Королев Улица Первомайская Дом 13Б;Московская область;Черноголовка;МО_ЧЕРНОГОЛОВКА_1_МТС;Московская обл, г Черноголовка, пр-кт Институтский, д 5;;
КОРОЛЕВ_ХАБ;Город Королев Улица Первомайская Дом 13Б;Московская область;Черноголовка;МО_ЧЕРНОГОЛОВКА_2;Город Черноголовка Улица Первая Дом 7;;
КОРОЛЕВ_ХАБ;Город Королев Улица Первомайская Дом 13Б;Московская область;Щелково;МО_ЩЕЛКОВО_1 (ФРАНЧ);Город Щелково Улица Комсомольская Дом 5;;
КОРОЛЕВ_ХАБ;Город Королев Улица Первомайская Дом 13Б;Московская область;Щелково;МО_ЩЕЛКОВО_10;Московская обл, г Щелково, Пролетарский пр-кт, д 4 к 1;;
КОРОЛЕВ_ХАБ;Город Королев Улица Первомайская Дом 13Б;Московская область;Щелково;МО_ЩЕЛКОВО_7_МТС;Московская обл, г Щелково, Богородский мкр, д 5;;
КОРОЛЕВ_ХАБ;Город Королев Улица Первомайская Дом 13Б;Московская область;Щелково;МО_ЩЕЛКОВО_8;Московская обл, г Щелково, ул Центральная, д 25;;
КОРОЛЕВ_ХАБ;Город Королев Улица Первомайская Дом 13Б;Московская область;Щелково;МО_ЩЕЛКОВО_9;Московская обл, г Щелково, ул Радиоцентра N5, д 16;;
ЛЮБЕРЦЫ_ХАБ;Район Люберецкий Поселок Октябрьский Расположение Ленина Улица, д.47;Москва;Москва;МОСКВА_409_МТС;г Москва, км МКАД 24-й, влд 1;;
ЛЮБЕРЦЫ_ХАБ;Район Люберецкий Поселок Октябрьский Расположение Ленина Улица, д.47;Московская область; ;МО_БЕЛООЗЕРСКИЙ_1_МТС;Московская обл, Воскресенский р-н, пгт Белоозерский, ул Коммунальная, д 16А;;
ЛЮБЕРЦЫ_ХАБ;Район Люберецкий Поселок Октябрьский Расположение Ленина Улица, д.47;Московская область; ;МО_ОКТЯБРЬСКИЙ_3_МТС;Московская обл, г Люберцы, рп Октябрьский, ул Ленина, д 39Б;;
ЛЮБЕРЦЫ_ХАБ;Район Люберецкий Поселок Октябрьский Расположение Ленина Улица, д.47;Московская область; ;МО_ФЕДИНО_3;Московская обл, Воскресенский р-н, село Федино, ул Фединская,д1 стр 1;;
ЛЮБЕРЦЫ_ХАБ;Район Люберецкий Поселок Октябрьский Расположение Ленина Улица, д.47;Московская область;Бронницы;МО_БРОННИЦЫ_3;Московская обл, г Бронницы, ул Советская, д 69;;
ЛЮБЕРЦЫ_ХАБ;Район Люберецкий Поселок Октябрьский Расположение Ленина Улица, д.47;Московская область;Бронницы;МО_БРОННИЦЫ_4_МТС;Московская обл, г Бронницы, ул Льва Толстого, д 9;;
ЛЮБЕРЦЫ_ХАБ;Район Люберецкий Поселок Октябрьский Расположение Ленина Улица, д.47;Московская область;Воскресенск;МО_ВОСКРЕСЕНСК_3_МТС;Московская обл, г Воскресенск, ул Менделеева, д 15;;
ЛЮБЕРЦЫ_ХАБ;Район Люберецкий Поселок Октябрьский Расположение Ленина Улица, д.47;Московская область;Воскресенск;МО_ВОСКРЕСЕНСК_5;Московская обл, г Воскресенск, ул Советская, д 13А, пом 10;;
ЛЮБЕРЦЫ_ХАБ;Район Люберецкий Поселок Октябрьский Расположение Ленина Улица, д.47;Московская область;Воскресенск;МО_ВОСКРЕСЕНСК_8_МТС;Московская обл, г Воскресенск, ул Зелинского, д 4;;
ЛЮБЕРЦЫ_ХАБ;Район Люберецкий Поселок Октябрьский Расположение Ленина Улица, д.47;Московская область;Воскресенск;МО_ВОСКРЕСЕНСК_9;Московская обл, г Воскресенск, ул Лермонтова, д 1;;
ЛЮБЕРЦЫ_ХАБ;Район Люберецкий Поселок Октябрьский Расположение Ленина Улица, д.47;Московская область;Дзержинский;МО_ДЗЕРЖИНСКИЙ_1_МТС;Московская обл, г Дзержинский, ул Лесная, д 1;;
ЛЮБЕРЦЫ_ХАБ;Район Люберецкий Поселок Октябрьский Расположение Ленина Улица, д.47;Московская область;Дзержинский;МО_ДЗЕРЖИНСКИЙ_4;Московская обл, г Дзержинский, ул Лесная, д 21;;
ЛЮБЕРЦЫ_ХАБ;Район Люберецкий Поселок Октябрьский Расположение Ленина Улица, д.47;Московская область;Егорьевск;МО_ЕГОРЬЕВСК_2_МТС;Московская обл, г Егорьевск, ул Советская, д 77;;
ЛЮБЕРЦЫ_ХАБ;Район Люберецкий Поселок Октябрьский Расположение Ленина Улица, д.47;Московская область;Егорьевск;МО_ЕГОРЬЕВСК_5_МТС_Телефон.ру;Московская обл, г Егорьевск, ул Советская, д 130;;
ЛЮБЕРЦЫ_ХАБ;Район Люберецкий Поселок Октябрьский Расположение Ленина Улица, д.47;Московская область;Егорьевск;МО_ЕГОРЬЕВСК_6_МТС;Московская обл, г Егорьевск, ул Советская, д 157;;
ЛЮБЕРЦЫ_ХАБ;Район Люберецкий Поселок Октябрьский Расположение Ленина Улица, д.47;Московская область;Егорьевск;МО_ЕГОРЬЕВСК_7;Московская обл, г Егорьевск, ул Советская, д 133;;
ЛЮБЕРЦЫ_ХАБ;Район Люберецкий Поселок Октябрьский Расположение Ленина Улица, д.47;Московская область;Егорьевск;МО_ЕГОРЬЕВСК_8;Московская обл, г Егорьевск, мкр 5-й, д 5;;
ЛЮБЕРЦЫ_ХАБ;Район Люберецкий Поселок Октябрьский Расположение Ленина Улица, д.47;Московская область;Жуковский;МО_ЖУКОВСКИЙ_10_МТС_Телефон.ру;Город Жуковский Улица Чкалова Дом 28;;
ЛЮБЕРЦЫ_ХАБ;Район Люберецкий Поселок Октябрьский Расположение Ленина Улица, д.47;Московская область;Жуковский;МО_Жуковский_5;Московская обл, г Жуковский, ул Мичурина, д 18;;
ЛЮБЕРЦЫ_ХАБ;Район Люберецкий Поселок Октябрьский Расположение Ленина Улица, д.47;Московская область;Жуковский;МО_ЖУКОВСКИЙ_6_МТС;Город Жуковский Улица Баженова Дом 2А;;
ЛЮБЕРЦЫ_ХАБ;Район Люберецкий Поселок Октябрьский Расположение Ленина Улица, д.47;Московская область;Жуковский;МО_ЖУКОВСКИЙ_8;Московская обл, г Жуковский, ул Келдыша, д 5 к 1;;
ЛЮБЕРЦЫ_ХАБ;Район Люберецкий Поселок Октябрьский Расположение Ленина Улица, д.47;Московская область;Зарайск;МО_ЗАРАЙСК_1_МТС;Московская обл, г Зарайск, ул Советская, д 45;;
ЛЮБЕРЦЫ_ХАБ;Район Люберецкий Поселок Октябрьский Расположение Ленина Улица, д.47;Московская область;Коломна;МО_КОЛОМНА_1;Московская обл, г Коломна, Окский пр-кт, д 3А;;
ЛЮБЕРЦЫ_ХАБ;Район Люберецкий Поселок Октябрьский Расположение Ленина Улица, д.47;Московская область;Коломна;МО_КОЛОМНА_10;Московская обл, г Коломна, Советская пл, д 4;;
ЛЮБЕРЦЫ_ХАБ;Район Люберецкий Поселок Октябрьский Расположение Ленина Улица, д.47;Московская область;Коломна;МО_КОЛОМНА_11;Московская обл, г Коломна, ул Весенняя, д 24А;;
ЛЮБЕРЦЫ_ХАБ;Район Люберецкий Поселок Октябрьский Расположение Ленина Улица, д.47;Московская область;Коломна;МО_КОЛОМНА_12;Московская обл, г Коломна, ул Фрунзе, д 41;;
ЛЮБЕРЦЫ_ХАБ;Район Люберецкий Поселок Октябрьский Расположение Ленина Улица, д.47;Московская область;Коломна;МО_КОЛОМНА_8;Московская обл, г Коломна, пл Восстания, д 7;;
ЛЮБЕРЦЫ_ХАБ;Район Люберецкий Поселок Октябрьский Расположение Ленина Улица, д.47;Московская область;Коломна;МО_КОЛОМНА_9_МТС;Город Коломна Проспект Кирова Дом 18Б;;
ЛЮБЕРЦЫ_ХАБ;Район Люберецкий Поселок Октябрьский Расположение Ленина Улица, д.47;Московская область;Котельники;МО_Котельники_1;Московская обл, г Котельники, мкр Белая дача, д 23;;
ЛЮБЕРЦЫ_ХАБ;Район Люберецкий Поселок Октябрьский Расположение Ленина Улица, д.47;Московская область;Котельники;МО_КОТЕЛЬНИКИ_2_МТС;Московская обл, г Котельники, проезд 1-й Покровский, д 5;;
ЛЮБЕРЦЫ_ХАБ;Район Люберецкий Поселок Октябрьский Расположение Ленина Улица, д.47;Московская область;Котельники;МО_КОТЕЛЬНИКИ_5_МТС_Телефон.ру;Московская обл, г Котельники, мкр Опытное поле, д 9;;
ЛЮБЕРЦЫ_ХАБ;Район Люберецкий Поселок Октябрьский Расположение Ленина Улица, д.47;Московская область;Котельники;МО_КОТЕЛЬНИКИ_6;Московская обл, г Котельники, мкр Силикат, д 29;;
ЛЮБЕРЦЫ_ХАБ;Район Люберецкий Поселок Октябрьский Расположение Ленина Улица, д.47;Московская область;Куровское;МО_КУРОВСКОЕ_1_МТС;Город Куровское Площадь Привокзальная Павильон 1;;
ЛЮБЕРЦЫ_ХАБ;Район Люберецкий Поселок Октябрьский Расположение Ленина Улица, д.47;Московская область;Луховицы;МО_ЛУХОВИЦЫ_2_МТС_Телефон.ру;Московская обл, г Луховицы, ул Пушкина, д 125;;
ЛЮБЕРЦЫ_ХАБ;Район Люберецкий Поселок Октябрьский Расположение Ленина Улица, д.47;Московская область;Луховицы;МО_ЛУХОВИЦЫ_3_МТС(закрыт);Московская обл, г Луховицы, ул Гагарина, д 24П;;
ЛЮБЕРЦЫ_ХАБ;Район Люберецкий Поселок Октябрьский Расположение Ленина Улица, д.47;Московская область;Лыткарино;МО_ЛЫТКАРИНО_1_МТС;Город Лыткарино Улица Советская Дом 5/3;;
ЛЮБЕРЦЫ_ХАБ;Район Люберецкий Поселок Октябрьский Расположение Ленина Улица, д.47;Московская область;Лыткарино;МО_ЛЫТКАРИНО_2_МТС;Московская обл, г Лыткарино, ул Парковая, стр 2;;
ЛЮБЕРЦЫ_ХАБ;Район Люберецкий Поселок Октябрьский Расположение Ленина Улица, д.47;Московская область;Лыткарино;МО_Лыткарино_3;Московская обл, г Лыткарино, ул Советская, д 14;;
ЛЮБЕРЦЫ_ХАБ;Район Люберецкий Поселок Октябрьский Расположение Ленина Улица, д.47;Московская область;Люберцы;МО_ЛЮБЕРЦЫ_10;Город Люберцы Улица Волковская Дом 2Б;;
ЛЮБЕРЦЫ_ХАБ;Район Люберецкий Поселок Октябрьский Расположение Ленина Улица, д.47;Московская область;Люберцы;МО_ЛЮБЕРЦЫ_13;Московская обл, г Люберцы, ул 3-е Почтовое отделение, д 92;;
ЛЮБЕРЦЫ_ХАБ;Район Люберецкий Поселок Октябрьский Расположение Ленина Улица, д.47;Московская область;Люберцы;МО_ЛЮБЕРЦЫ_14;Московская обл, г Люберцы, Хлебозаводской проезд, д 3 к 2;;
ЛЮБЕРЦЫ_ХАБ;Район Люберецкий Поселок Октябрьский Расположение Ленина Улица, д.47;Московская область;Люберцы;МО_ЛЮБЕРЦЫ_15;Московская обл, г Люберцы, пр-кт Гагарина, д 17/7;;
ЛЮБЕРЦЫ_ХАБ;Район Люберецкий Поселок Октябрьский Расположение Ленина Улица, д.47;Московская область;Люберцы;МО_ЛЮБЕРЦЫ_17_МТС_Телефон.ру;Город Люберцы Улица Смирновская Дом 16/20;;
ЛЮБЕРЦЫ_ХАБ;Район Люберецкий Поселок Октябрьский Расположение Ленина Улица, д.47;Московская область;Люберцы;МО_ЛЮБЕРЦЫ_9;Московская обл, г Люберцы, Комсомольский пр-кт, д 22;;
ЛЮБЕРЦЫ_ХАБ;Район Люберецкий Поселок Октябрьский Расположение Ленина Улица, д.47;Московская область;Малаховка;МО_МАЛАХОВКА_1_МТС;Город Малаховка Улица Рельсовая Дом 1 А Строение 4;;
ЛЮБЕРЦЫ_ХАБ;Район Люберецкий Поселок Октябрьский Расположение Ленина Улица, д.47;Московская область;Раменское;МО_РАМЕНСКОЕ_4_МТС;Московская обл, г Раменское, ул Гурьева, д 27;;
ЛЮБЕРЦЫ_ХАБ;Район Люберецкий Поселок Октябрьский Расположение Ленина Улица, д.47;Московская область;Раменское;МО_РАМЕНСКОЕ_6_МТС_Телефон.ру;Московская обл, г Раменское, ул Молодежная, д 20;;
ЛЮБЕРЦЫ_ХАБ;Район Люберецкий Поселок Октябрьский Расположение Ленина Улица, д.47;Московская область;Раменское;МО_РАМЕНСКОЕ_8;Московская обл, г Раменское, ул Высоковольтная, д 22;;
ЛЮБЕРЦЫ_ХАБ;Район Люберецкий Поселок Октябрьский Расположение Ленина Улица, д.47;Московская область;Раменское;МО_РАМЕНСКОЕ_9;Московская обл, г Раменское, ул Десантная, д 1, пом 3;;
ЛЮБЕРЦЫ_ХАБ;Район Люберецкий Поселок Октябрьский Расположение Ленина Улица, д.47;Московская область;Рошаль;МО_РОШАЛЬ_2_МТС;Московская обл, г Рошаль, ул Советская, д 25;;
ЛЮБЕРЦЫ_ХАБ;Район Люберецкий Поселок Октябрьский Расположение Ленина Улица, д.47;Московская область;Серебряные Пруды;МО_СЕРЕБРЯННЫЕ_ПРУДЫ_1_МТС;Московская обл, рп Серебряные Пруды, ул Ремесленная, д 7;;
МОСКВА_ХАБ;Город Москва Проезд Анненский Дом 3 Строение 2;Москва;Москва;МОСКВА_ТВЕРСКАЯ_ХАБ;г Москва, пер Гнездниковский Б., д 3;;
МОСКВА_ХАБ;Город Москва Проезд Анненский Дом 3 Строение 2;Москва;Москва;Хаб_Ozon-Box-100_Боровая;г Москва, ул Боровая, д 10 к 1;;
МОСКВА_ХАБ;Город Москва Проезд Анненский Дом 3 Строение 2;Москва;Москва;Хаб_Ozon-Box-140_Симоновский;г Москва, ул Симоновский Вал, д 26 к 3;;
МОСКВА_ХАБ;Город Москва Проезд Анненский Дом 3 Строение 2;Москва;Москва;Хаб_Ozon-Box-154_Вешняковская;г Москва, ул Вешняковская, д 22А;;
МОСКВА_ХАБ;Город Москва Проезд Анненский Дом 3 Строение 2;Москва;Москва;Хаб_Ozon-Box-409_Плеханова;г Москва, ул Плеханова, д 16 к 1;;
МОСКВА_ХАБ;Город Москва Проезд Анненский Дом 3 Строение 2;Москва;Москва;Хаб_Ozon-Box-744_Чусовская;г Москва, ул Чусовская, д 8;;
МОСКВА_ХАБ;Город Москва Проезд Анненский Дом 3 Строение 2;Москва;Москва;Хаб_Ozon-Box-791_Летчика Бабушкина;г Москва, ул Лётчика Бабушкина, д 31;;
МОСКВА_ХАБ;Город Москва Проезд Анненский Дом 3 Строение 2;Московская область; ;ЛЮБЕРЦЫ_ХАБ;Московская обл, г Люберцы, рп Октябрьский, ул Ленина, д 47;;
МОСКВА_ХАБ;Город Москва Проезд Анненский Дом 3 Строение 2;Московская область;Долгопрудный;Хаб_Ozon-Box-212_Долгопрудный_Лихачевский;Московская обл, г Долгопрудный, проезд Лихачевский, д 8;;
МОСКВА_ХАБ;Город Москва Проезд Анненский Дом 3 Строение 2;Московская область;Королев;КОРОЛЕВ_ХАБ;Московская обл, г Королев, ул Первомайская, д 13Б;;
МОСКВА_ХАБ;Город Москва Проезд Анненский Дом 3 Строение 2;Московская область;Красногорск;КРАСНОГОРСК_ХАБ;Московская обл, г Красногорск, ул Жуковского, д 7;;
МОСКВА_ХАБ;Город Москва Проезд Анненский Дом 3 Строение 2;Московская область;Реутов;Хаб-Ozon-Box-858_Реутов_Юбилейный;Московская обл, г Реутов, Юбилейный пр-кт, д 37;;
МСК_БЕРЕЖКОВСКИЙ_ХАБ;Город Москва Набережная Бережковская Дом 20 Строение 88;Москва;Москва;Хаб-Ozon-Box-995_Москва_Коштоянца;г Москва, ул Коштоянца, д 21А;;
МСК_ВАРШАВСКИЙ_ХАБ;Город Москва Проезд 1-й Варшавский проезд Дом 2 Строение 9А;Москва;Москва;Хаб_Ozon-Box-463_Липецкая;г Москва, ул Липецкая, д 16/14 к 1;;
МСК_ВАРШАВСКИЙ_ХАБ;Город Москва Проезд 1-й Варшавский проезд Дом 2 Строение 9А;Москва;Москва;Хаб_Ozon-Box-982_Лукинская;г Москва, ул Лукинская, д 5 к 1;;
МСК_ВАРШАВСКИЙ_ХАБ;Город Москва Проезд 1-й Варшавский проезд Дом 2 Строение 9А;Москва;Москва;Хаб-Ozon-Box-632_Ясеневая;г Москва, ул Ясеневая, д 40;;
МСК_ВАРШАВСКИЙ_ХАБ;Город Москва Проезд 1-й Варшавский проезд Дом 2 Строение 9А;Москва;Москва;Хаб-Ozon-Box-681_Москва_Кантемировская;г Москва, ул Кантемировская, д 17 к 1;;
ПОДОЛЬСК_ХАБ_ЛОБАЧЕВА;Город Подольск Улица Лобачева Дом 7/3;Москва;Москва;МО_ВНУКОВСКОЕ_1_МТС;г Москва, поселение Внуковское, ул Лётчика Ульянина, д 5;;
ПОДОЛЬСК_ХАБ_ЛОБАЧЕВА;Город Подольск Улица Лобачева Дом 7/3;Москва;Москва;МО_Внуковское_2;г Москва, ул Бориса Пастернака, д 19;;
ПОДОЛЬСК_ХАБ_ЛОБАЧЕВА;Город Подольск Улица Лобачева Дом 7/3;Москва;Москва;МО_ВОРОНОВСКОЕ_1;г Москва, поселение Вороновское, поселок ЛМС, Центральный мкр, д 9;;
ПОДОЛЬСК_ХАБ_ЛОБАЧЕВА;Город Подольск Улица Лобачева Дом 7/3;Москва;Москва;МО_Коммунарка_1;г Москва, поселение Сосенское, поселок Коммунарка, д 20;;
ПОДОЛЬСК_ХАБ_ЛОБАЧЕВА;Город Подольск Улица Лобачева Дом 7/3;Москва;Москва;МО_КРАСНАЯ_ПАХРА_1;г Москва, поселение Краснопахорское, село Красная Пахра, Калужское шоссе, д 11;;
ПОДОЛЬСК_ХАБ_ЛОБАЧЕВА;Город Подольск Улица Лобачева Дом 7/3;Москва;Москва;МОСКВА_540;г Москва, Нововатутинский пр-кт, д 10;;
ПОДОЛЬСК_ХАБ_ЛОБАЧЕВА;Город Подольск Улица Лобачева Дом 7/3;Москва;Москва;МОСКВА_560;г Москва, ул Центральная, д 8Б;;
ПОДОЛЬСК_ХАБ_ЛОБАЧЕВА;Город Подольск Улица Лобачева Дом 7/3;Москва;Москва;МОСКВА_ВОСКРЕСЕНСКОЕ_1;г Москва, поселение Воскресенское, поселок Воскресенское, д 39;;
ПОДОЛЬСК_ХАБ_ЛОБАЧЕВА;Город Подольск Улица Лобачева Дом 7/3;Москва;Московский;МО_МОСКОВСКИЙ_2;г Москва, г Московский, ул Московская, д 1;;
ПОДОЛЬСК_ХАБ_ЛОБАЧЕВА;Город Подольск Улица Лобачева Дом 7/3;Москва;Троицк;МО_ТРОИЦК_4_МТС_Телефон.ру;г Москва, г Троицк, Академическая пл, д 5;;
ПОДОЛЬСК_ХАБ_ЛОБАЧЕВА;Город Подольск Улица Лобачева Дом 7/3;Москва;Троицк;МО_ТРОИЦК_5;г Москва, г Троицк, б-р Троицкий, д 6;;
ПОДОЛЬСК_ХАБ_ЛОБАЧЕВА;Город Подольск Улица Лобачева Дом 7/3;Москва;Щербинка;МО_ЩЕРБИНКА_3;г Москва, г Щербинка, ул 40 лет Октября, д 15/1;;
ПОДОЛЬСК_ХАБ_ЛОБАЧЕВА;Город Подольск Улица Лобачева Дом 7/3;Москва;Щербинка;МО_ЩЕРБИНКА_4;г Москва, ул Брусилова, д 39 к 1;;
ПОДОЛЬСК_ХАБ_ЛОБАЧЕВА;Город Подольск Улица Лобачева Дом 7/3;Московская область; ;МО_МИХНЕВО_2;г Москва, ул Кооперативная, д 7 стр 8;;
ПОДОЛЬСК_ХАБ_ЛОБАЧЕВА;Город Подольск Улица Лобачева Дом 7/3;Московская область; ;МО_СЕЛЯТИНО_2_МТС;Московская обл, г Наро-Фоминск, рп Селятино, ул Спортивная, д 1;;
ПОДОЛЬСК_ХАБ_ЛОБАЧЕВА;Город Подольск Улица Лобачева Дом 7/3;Московская область;Апрелевка;МО_АПРЕЛЕВКА_1;Московская обл, Наро-Фоминский р-н, г Апрелевка, ул Августовская, д 40А;;
ПОДОЛЬСК_ХАБ_ЛОБАЧЕВА;Город Подольск Улица Лобачева Дом 7/3;Московская область;Апрелевка;МО_Апрелевка_3;Московская обл, Наро-Фоминский р-н, г Апрелевка, ул Островского, д 38;;
ПОДОЛЬСК_ХАБ_ЛОБАЧЕВА;Город Подольск Улица Лобачева Дом 7/3;Московская область;Видное;МО_ВИДНОЕ_4_МТС;Московская обл, г Видное, пр-кт Ленинского Комсомола, д 13А;;
ПОДОЛЬСК_ХАБ_ЛОБАЧЕВА;Город Подольск Улица Лобачева Дом 7/3;Московская область;Видное;МО_ВИДНОЕ_5;Московская обл, г Видное, ул Березовая, д 1;;
ПОДОЛЬСК_ХАБ_ЛОБАЧЕВА;Город Подольск Улица Лобачева Дом 7/3;Московская область;Видное;МО_ВИДНОЕ_6;Московская обл, г Видное, ул Завидная, д 22;;
ПОДОЛЬСК_ХАБ_ЛОБАЧЕВА;Город Подольск Улица Лобачева Дом 7/3;Московская область;Видное;МО_ВИДНОЕ_8;Московская обл, г Видное, ул Строительная, д 15;;
ПОДОЛЬСК_ХАБ_ЛОБАЧЕВА;Город Подольск Улица Лобачева Дом 7/3;Московская область;Домодедово;МО_ДОМОДЕДОВО_11;Московская обл, г Домодедово, мкр Западный, ул Лунная, д 9;;
ПОДОЛЬСК_ХАБ_ЛОБАЧЕВА;Город Подольск Улица Лобачева Дом 7/3;Московская область;Домодедово;МО_ДОМОДЕДОВО_12;Московская обл, г Домодедово, мкр Северный, ул Гагарина, д 45;;
ПОДОЛЬСК_ХАБ_ЛОБАЧЕВА;Город Подольск Улица Лобачева Дом 7/3;Московская область;Домодедово;МО_Домодедово_15;Московская обл, г Домодедово, мкр Западный, ул Лунная, д 25 к 3;;
ПОДОЛЬСК_ХАБ_ЛОБАЧЕВА;Город Подольск Улица Лобачева Дом 7/3;Московская область;Домодедово;МО_ДОМОДЕДОВО_6_МТС;Московская обл, г Домодедово, мкр Центральный, ул Корнеева, д 1А;;
ПОДОЛЬСК_ХАБ_ЛОБАЧЕВА;Город Подольск Улица Лобачева Дом 7/3;Московская область;Домодедово;МО_ДОМОДЕДОВО_7_МТС;Московская обл, г Домодедово, мкр Авиационный, пр-кт Академика Туполева, д 2Б;;
ПОДОЛЬСК_ХАБ_ЛОБАЧЕВА;Город Подольск Улица Лобачева Дом 7/3;Московская область;Домодедово;МО_ДОМОДЕДОВО_8_МТС;г Москва, Каширское шоссе, д 3А;;
ПОДОЛЬСК_ХАБ_ЛОБАЧЕВА;Город Подольск Улица Лобачева Дом 7/3;Московская область;Домодедово;МО_ДОМОДЕДОВО_9_Ситилинк;Московская обл, г Домодедово, мкр Центральный, ул Корнеева, д 1;;
ПОДОЛЬСК_ХАБ_ЛОБАЧЕВА;Город Подольск Улица Лобачева Дом 7/3;Московская область;Домодедово;МО_ДОМОДЕДОВО_ЯМ_1;Московская обл, г Домодедово, село Ям, ул Центральная, д 7Г;;
ПОДОЛЬСК_ХАБ_ЛОБАЧЕВА;Город Подольск Улица Лобачева Дом 7/3;Московская область;Кашира;МО_КАШИРА_1_МТС;Московская обл, г Кашира, ул Советская, д 19;;
ПОДОЛЬСК_ХАБ_ЛОБАЧЕВА;Город Подольск Улица Лобачева Дом 7/3;Московская область;Кашира;МО_КАШИРА_3_МТС;Московская обл, г Кашира, ул Вахрушева, д 14 к 1;;
ПОДОЛЬСК_ХАБ_ЛОБАЧЕВА;Город Подольск Улица Лобачева Дом 7/3;Московская область;Кашира;МО_КАШИРА_5;Московская обл, г Кашира, ул Горького, д 22;;
ПОДОЛЬСК_ХАБ_ЛОБАЧЕВА;Город Подольск Улица Лобачева Дом 7/3;Московская область;Климовск;МО_КЛИМОВСК_1_МТС;Московская обл, г Подольск, мкр Климовск, ул Симферопольская, д 35;;
ПОДОЛЬСК_ХАБ_ЛОБАЧЕВА;Город Подольск Улица Лобачева Дом 7/3;Московская область;Наро-Фоминск;МО_НАРО_ФОМИНСК_4_МТС;Московская обл, г Наро-Фоминск, пл Свободы, влд 9;;
ПОДОЛЬСК_ХАБ_ЛОБАЧЕВА;Город Подольск Улица Лобачева Дом 7/3;Московская область;Наро-Фоминск;МО_НАРО_ФОМИНСК_6;Московская обл, г Наро-Фоминск, ул Полубоярова, д 24;;
ПОДОЛЬСК_ХАБ_ЛОБАЧЕВА;Город Подольск Улица Лобачева Дом 7/3;Московская область;Наро-Фоминск;МО_НАРО-ФОМИНСК_5_МТС;Московская обл, г Наро-Фоминск, Кубинское шоссе, д 14;;
ПОДОЛЬСК_ХАБ_ЛОБАЧЕВА;Город Подольск Улица Лобачева Дом 7/3;Московская область;Наро-Фоминск;МО_НАРО-ФОМИНСК_7;Московская обл, г Наро-Фоминск, ул Ленина, д 8;;
ПОДОЛЬСК_ХАБ_ЛОБАЧЕВА;Город Подольск Улица Лобачева Дом 7/3;Московская область;Наро-Фоминск;МО_НАРО-ФОМИНСК_9;Московская обл, г Наро-Фоминск, ул Войкова, д 3;;
ПОДОЛЬСК_ХАБ_ЛОБАЧЕВА;Город Подольск Улица Лобачева Дом 7/3;Московская область;Озеры;МО_ОЗЕРЫ_1_МТС;Московская обл, г Озеры, ул Ленина, д 35Д;;
ПОДОЛЬСК_ХАБ_ЛОБАЧЕВА;Город Подольск Улица Лобачева Дом 7/3;Московская область;Озеры;МО_ОЗЕРЫ_3;Московская обл, г Озеры, ул Ленина, д 35Д;;
ПОДОЛЬСК_ХАБ_ЛОБАЧЕВА;Город Подольск Улица Лобачева Дом 7/3;Московская область;Озеры;МО_ОЗЕРЫ_4_МТС;Московская обл, г Озеры, ул Ленина, д 13;;
ПОДОЛЬСК_ХАБ_ЛОБАЧЕВА;Город Подольск Улица Лобачева Дом 7/3;Московская область;Подольск;МО_ПОДОЛЬСК_11_МТС;Московская обл, г Подольск, мкр Климовск, ул Ленина, д 16;;
ПОДОЛЬСК_ХАБ_ЛОБАЧЕВА;Город Подольск Улица Лобачева Дом 7/3;Московская область;Подольск;МО_ПОДОЛЬСК_12_МТС;Московская обл, г Подольск, ул Комсомольская, д 1;;
ПОДОЛЬСК_ХАБ_ЛОБАЧЕВА;Город Подольск Улица Лобачева Дом 7/3;Московская область;Подольск;МО_ПОДОЛЬСК_13 (ФРАНЧ);Московская обл, г Подольск, ул Северная, д 9А;;
ПОДОЛЬСК_ХАБ_ЛОБАЧЕВА;Город Подольск Улица Лобачева Дом 7/3;Московская область;Подольск;МО_ПОДОЛЬСК_14;Московская обл, г Подольск, мкр Кузнечики, ул Академика Доллежаля, д 24;;
ПОДОЛЬСК_ХАБ_ЛОБАЧЕВА;Город Подольск Улица Лобачева Дом 7/3;Московская область;Подольск;МО_ПОДОЛЬСК_3;Московская обл, г Подольск, ул Комсомольская, д 1;;
ПОДОЛЬСК_ХАБ_ЛОБАЧЕВА;Город Подольск Улица Лобачева Дом 7/3;Московская область;Подольск;МО_ПОДОЛЬСК_4;Московская обл, г Подольск, ул Юбилейная, д 11;;
ПОДОЛЬСК_ХАБ_ЛОБАЧЕВА;Город Подольск Улица Лобачева Дом 7/3;Московская область;Подольск;МО_ПОДОЛЬСК_5;Московская обл, г Подольск, ул Тепличная, д 7Б;;
ПОДОЛЬСК_ХАБ_ЛОБАЧЕВА;Город Подольск Улица Лобачева Дом 7/3;Московская область;Подольск;МО_ПОДОЛЬСК_8_МТС;Московская обл, г Подольск, Октябрьский пр-кт, д 9В;;
ПОДОЛЬСК_ХАБ_ЛОБАЧЕВА;Город Подольск Улица Лобачева Дом 7/3;Московская область;Подольск;МО_ПОДОЛЬСК_9_МТС;Московская обл, г Подольск, ул Кирова, д 29А;;
ПОДОЛЬСК_ХАБ_ЛОБАЧЕВА;Город Подольск Улица Лобачева Дом 7/3;Московская область;Протвино;МО_ПРОТВИНО_3_МТС;Московская обл, г Протвино, ул Ленина, д 22;;
ПОДОЛЬСК_ХАБ_ЛОБАЧЕВА;Город Подольск Улица Лобачева Дом 7/3;Московская область;Протвино;МО_ПРОТВИНО_4;Московская обл, г Протвино, ул Московская, д 6;;
ПОДОЛЬСК_ХАБ_ЛОБАЧЕВА;Город Подольск Улица Лобачева Дом 7/3;Московская область;Пущино;ПУЩИНО_1_МТС;Московская обл, г Пущино, мкр Г, д 29А;;
ПОДОЛЬСК_ХАБ_ЛОБАЧЕВА;Город Подольск Улица Лобачева Дом 7/3;Московская область;Серпухов;МО_СЕРПУХОВ_4_МТС;Московская обл, г Серпухов, б-р 65 лет Победы, д 4;;
ПОДОЛЬСК_ХАБ_ЛОБАЧЕВА;Город Подольск Улица Лобачева Дом 7/3;Московская область;Серпухов;МО_СЕРПУХОВ_5 (ФРАНЧ);Московская обл, г Серпухов, ул Ворошилова, д 140;;
ПОДОЛЬСК_ХАБ_ЛОБАЧЕВА;Город Подольск Улица Лобачева Дом 7/3;Московская область;Серпухов;МО_СЕРПУХОВ_6;Московская обл, г Серпухов, ул Ворошилова, д 214;;
ПОДОЛЬСК_ХАБ_ЛОБАЧЕВА;Город Подольск Улица Лобачева Дом 7/3;Московская область;Серпухов;МО_СЕРПУХОВ_7;Московская обл, г Серпухов, ул Ворошилова, д 57;;
ПОДОЛЬСК_ХАБ_ЛОБАЧЕВА;Город Подольск Улица Лобачева Дом 7/3;Московская область;Серпухов;МО_СЕРПУХОВ_8 (ФРАНЧ);Московская обл, г Серпухов, Московское шоссе, д 51;;
ПОДОЛЬСК_ХАБ_ЛОБАЧЕВА;Город Подольск Улица Лобачева Дом 7/3;Московская область;Ступино;МО_СТУПИНО_4_МТС;Московская обл, г Ступино, пр-кт Победы, д 51А;;
ПОДОЛЬСК_ХАБ_ЛОБАЧЕВА;Город Подольск Улица Лобачева Дом 7/3;Московская область;Ступино;МО_СТУПИНО_5_СИТИЛИНК;Московская обл, г Ступино, ул Куйбышева, д 26А;;
ПОДОЛЬСК_ХАБ_ЛОБАЧЕВА;Город Подольск Улица Лобачева Дом 7/3;Московская область;Ступино;МО_СТУПИНО_6;Московская обл, г Ступино, ул Первомайская, д 18А, оф 12;;
ПОДОЛЬСК_ХАБ_ЛОБАЧЕВА;Город Подольск Улица Лобачева Дом 7/3;Московская область;Ступино;МО_СТУПИНО_7;Дом 29 Корпус 1 Помещение 1;;
ПОДОЛЬСК_ХАБ_ЛОБАЧЕВА;Город Подольск Улица Лобачева Дом 7/3;Московская область;Ступино;МО_СТУПИНО_8_МТС;Московская обл, г Ступино, рп Малино, ул Горького, д 26;;
ПОДОЛЬСК_ХАБ_ЛОБАЧЕВА;Город Подольск Улица Лобачева Дом 7/3;Московская область;Чехов;МО_ЧЕХОВ_10;Московская обл, г Чехов, ул Гагарина, д 35;;
ПОДОЛЬСК_ХАБ_ЛОБАЧЕВА;Город Подольск Улица Лобачева Дом 7/3;Московская область;Чехов;МО_ЧЕХОВ_4 (ФРАНЧ);Московская обл, г Чехов, ул Первомайская, д 33;;
ПОДОЛЬСК_ХАБ_ЛОБАЧЕВА;Город Подольск Улица Лобачева Дом 7/3;Московская область;Чехов;МО_ЧЕХОВ_5_Ситилинк;Московская обл, г Чехов, ул Товарная, д 2;;
ПОДОЛЬСК_ХАБ_ЛОБАЧЕВА;Город Подольск Улица Лобачева Дом 7/3;Московская область;Чехов;МО_ЧЕХОВ_8_МТС;Город Чехов Улица Московская Дом 96;;
ПОДОЛЬСК_ХАБ_ЛОБАЧЕВА;Город Подольск Улица Лобачева Дом 7/3;Московская область;Чехов;МО_ЧЕХОВ_9_МТС;Московская обл, г Чехов, Симферопольское шоссе, д 1;;
ТВЕРЬ_ХАБ;Город Тверь Промышленная зона Боровлево-2 Строение № 1 «А»;Московская область; ;ЛЮБЕРЦЫ_ХАБ;Московская обл, г Люберцы, рп Октябрьский, ул Ленина, д 47;;
ЧЕРНАЯ_ГРЯЗЬ_КГТ;Деревня Черная Грязь Улица Сходненская Строение 1;Москва;Москва;МОСКВА_ХАБ;г Москва, проезд Анненский, д 3 стр 2;;
ЧЕРНАЯ_ГРЯЗЬ_КГТ;Деревня Черная Грязь Улица Сходненская Строение 1;Москва;Москва;МСК_ВАРШАВСКИЙ_ХАБ;г Москва, проезд Варшавский 1-й, д 2 стр 9а;;
ЧЕРНАЯ_ГРЯЗЬ_РФЦ;Деревня Черная Грязь Улица Сходненская Строение 1;Калужская область;Калуга;КАЛУГА_10_МТС_Телефон.ру;г Калуга, ул Московская, д 338А;;
ЧЕРНАЯ_ГРЯЗЬ_РФЦ;Деревня Черная Грязь Улица Сходненская Строение 1;Калужская область;Калуга;КАЛУГА_12_МТС;г Калуга, ул Академическая, д 15;;
ЧЕРНАЯ_ГРЯЗЬ_РФЦ;Деревня Черная Грязь Улица Сходненская Строение 1;Калужская область;Калуга;КАЛУГА_13_МТС;г Калуга, ул Кирова, д 25;;
ЧЕРНАЯ_ГРЯЗЬ_РФЦ;Деревня Черная Грязь Улица Сходненская Строение 1;Калужская область;Калуга;КАЛУГА_16;г Калуга, ул Георгиевская, д 3;;
ЧЕРНАЯ_ГРЯЗЬ_РФЦ;Деревня Черная Грязь Улица Сходненская Строение 1;Калужская область;Калуга;КАЛУГА_17;г Калуга, Старообрядческий пер, д 9;;
ЧЕРНАЯ_ГРЯЗЬ_РФЦ;Деревня Черная Грязь Улица Сходненская Строение 1;Калужская область;Калуга;КАЛУГА_18;г Калуга, ул Глаголева, д 2А;;
ЧЕРНАЯ_ГРЯЗЬ_РФЦ;Деревня Черная Грязь Улица Сходненская Строение 1;Калужская область;Калуга;КАЛУГА_19 (ЗАКРЫТ);г Калуга, ул Луначарского, д 57 стр 2;;
ЧЕРНАЯ_ГРЯЗЬ_РФЦ;Деревня Черная Грязь Улица Сходненская Строение 1;Калужская область;Калуга;КАЛУГА_20_БОКСБЕРРИ;г Калуга, ул Никитина, д 41;;
ЧЕРНАЯ_ГРЯЗЬ_РФЦ;Деревня Черная Грязь Улица Сходненская Строение 1;Калужская область;Калуга;КАЛУГА_21;г Калуга, ул Дзержинского, д 37;;
ЧЕРНАЯ_ГРЯЗЬ_РФЦ;Деревня Черная Грязь Улица Сходненская Строение 1;Калужская область;Калуга;КАЛУГА_22;г Калуга, Теренинский пер, д 6;;
ЧЕРНАЯ_ГРЯЗЬ_РФЦ;Деревня Черная Грязь Улица Сходненская Строение 1;Калужская область;Калуга;КАЛУГА_24;г Калуга, ул Плеханова, д 18;;
ЧЕРНАЯ_ГРЯЗЬ_РФЦ;Деревня Черная Грязь Улица Сходненская Строение 1;Калужская область;Калуга;КАЛУГА_26;г Калуга, ул Пролетарская, д 165;;
ЧЕРНАЯ_ГРЯЗЬ_РФЦ;Деревня Черная Грязь Улица Сходненская Строение 1;Калужская область;Калуга;КАЛУГА_27;г Калуга, ул Тульская, д 101;;
ЧЕРНАЯ_ГРЯЗЬ_РФЦ;Деревня Черная Грязь Улица Сходненская Строение 1;Калужская область;Калуга;КАЛУГА_28;г Калуга, ул Луначарского, д 57 стр 2;;
ЧЕРНАЯ_ГРЯЗЬ_РФЦ;Деревня Черная Грязь Улица Сходненская Строение 1;Калужская область;Калуга;КАЛУГА_6 (ФРАНЧ);г Калуга, ул Ленина, д 51;;
ЧЕРНАЯ_ГРЯЗЬ_РФЦ;Деревня Черная Грязь Улица Сходненская Строение 1;Калужская область;Калуга;КАЛУГА_7 (Курьерка);г Калуга, пер Тульский 2-й, д 2;;
ЧЕРНАЯ_ГРЯЗЬ_РФЦ;Деревня Черная Грязь Улица Сходненская Строение 1;Калужская область;Обнинск;ОБНИНСК_2 (Курьерка);Калужская обл, г Обнинск, ул Гурьянова, д 21;;
ЧЕРНАЯ_ГРЯЗЬ_РФЦ;Деревня Черная Грязь Улица Сходненская Строение 1;Калужская область;Обнинск;ОБНИНСК_3;Калужская обл, г Обнинск, ул Курчатова, д 13;;
ЧЕРНАЯ_ГРЯЗЬ_РФЦ;Деревня Черная Грязь Улица Сходненская Строение 1;Калужская область;Обнинск;ОБНИНСК_4_МТС;Калужская обл, г Обнинск, пр-кт Ленина, д 72;;
ЧЕРНАЯ_ГРЯЗЬ_РФЦ;Деревня Черная Грязь Улица Сходненская Строение 1;Калужская область;Обнинск;ОБНИНСК_5;Калужская обл, г Обнинск, пр-кт Маркса, д 8;;
ЧЕРНАЯ_ГРЯЗЬ_РФЦ;Деревня Черная Грязь Улица Сходненская Строение 1;Калужская область;Обнинск;ОБНИНСК_6;Калужская обл, г Обнинск, ул Калужская, д 4;;
ЧЕРНАЯ_ГРЯЗЬ_РФЦ;Деревня Черная Грязь Улица Сходненская Строение 1;Калужская область;Обнинск;ОБНИНСК_8;Калужская обл, г Обнинск, ул Аксенова, д 6А;;
ЧЕРНАЯ_ГРЯЗЬ_РФЦ;Деревня Черная Грязь Улица Сходненская Строение 1;Калужская область;Обнинск;ОБНИНСК_9;Калужская обл, г Обнинск, ул Гагарина, д 37В;;
ЧЕРНАЯ_ГРЯЗЬ_РФЦ;Деревня Черная Грязь Улица Сходненская Строение 1;Москва;Москва;МОСКВА_102;г Москва, ул Раменки, д 5 к 1;;
ЧЕРНАЯ_ГРЯЗЬ_РФЦ;Деревня Черная Грязь Улица Сходненская Строение 1;Москва;Москва;МОСКВА_110;г Москва, ул Петрозаводская, д 24Б;;
ЧЕРНАЯ_ГРЯЗЬ_РФЦ;Деревня Черная Грязь Улица Сходненская Строение 1;Москва;Москва;МОСКВА_116;г Москва, ш Боровское, д 6;;
ЧЕРНАЯ_ГРЯЗЬ_РФЦ;Деревня Черная Грязь Улица Сходненская Строение 1;Москва;Москва;МОСКВА_117;г Москва, Алтуфьевское шоссе, д 80;;
ЧЕРНАЯ_ГРЯЗЬ_РФЦ;Деревня Черная Грязь Улица Сходненская Строение 1;Москва;Москва;МОСКВА_12;г Москва, ул Люблинская, д 27/2;;
ЧЕРНАЯ_ГРЯЗЬ_РФЦ;Деревня Черная Грязь Улица Сходненская Строение 1;Москва;Москва;МОСКВА_127;г Москва, ул Новокосинская, д 32А стр 1;;
ЧЕРНАЯ_ГРЯЗЬ_РФЦ;Деревня Черная Грязь Улица Сходненская Строение 1;Москва;Москва;МОСКВА_128;г Москва, Жулебинский б-р, д 5;;
ЧЕРНАЯ_ГРЯЗЬ_РФЦ;Деревня Черная Грязь Улица Сходненская Строение 1;Москва;Москва;МОСКВА_144;г Москва, ул Академика Бакулева, д 10;;
ЧЕРНАЯ_ГРЯЗЬ_РФЦ;Деревня Черная Грязь Улица Сходненская Строение 1;Москва;Москва;МОСКВА_151;г Москва, ул Ефремова, д 23;;
ЧЕРНАЯ_ГРЯЗЬ_РФЦ;Деревня Черная Грязь Улица Сходненская Строение 1;Москва;Москва;МОСКВА_154;г Москва, Рязанский пр-кт, д 30 к 2;;
ЧЕРНАЯ_ГРЯЗЬ_РФЦ;Деревня Черная Грязь Улица Сходненская Строение 1;Москва;Москва;МОСКВА_158;г Москва, ул Селигерская, д 18 к 3;;
ЧЕРНАЯ_ГРЯЗЬ_РФЦ;Деревня Черная Грязь Улица Сходненская Строение 1;Москва;Москва;МОСКВА_165_МТС;г Москва, ул Вавилова, д 3;;
ЧЕРНАЯ_ГРЯЗЬ_РФЦ;Деревня Черная Грязь Улица Сходненская Строение 1;Москва;Москва;МОСКВА_169_МТС;г Москва, ул Генерала Кузнецова, д 23;;
ЧЕРНАЯ_ГРЯЗЬ_РФЦ;Деревня Черная Грязь Улица Сходненская Строение 1;Москва;Москва;МОСКВА_170_МТС;г Москва, б-р Химкинский, д 23Д;;
ЧЕРНАЯ_ГРЯЗЬ_РФЦ;Деревня Черная Грязь Улица Сходненская Строение 1;Москва;Москва;МОСКВА_173 (ФРАНЧ);г Москва, проезд Шокальского, д 61;;
ЧЕРНАЯ_ГРЯЗЬ_РФЦ;Деревня Черная Грязь Улица Сходненская Строение 1;Москва;Москва;МОСКВА_174;г Москва, ул Черняховского, д 4;;
ЧЕРНАЯ_ГРЯЗЬ_РФЦ;Деревня Черная Грязь Улица Сходненская Строение 1;Москва;Москва;МОСКВА_176;г Москва, ул Маршала Василевского, д 13 к 1;;
ЧЕРНАЯ_ГРЯЗЬ_РФЦ;Деревня Черная Грязь Улица Сходненская Строение 1;Москва;Москва;МОСКВА_180_МТС;г Москва, Ленинский пр-кт, д 99;;
ЧЕРНАЯ_ГРЯЗЬ_РФЦ;Деревня Черная Грязь Улица Сходненская Строение 1;Москва;Москва;МОСКВА_183_МТС;г Москва, пр-кт Рязанский, д 2/2;;
ЧЕРНАЯ_ГРЯЗЬ_РФЦ;Деревня Черная Грязь Улица Сходненская Строение 1;Москва;Москва;МОСКВА_189_МТС_Телефон.ру(закрыт);г Москва, ул Матвеевская, д 2;;
ЧЕРНАЯ_ГРЯЗЬ_РФЦ;Деревня Черная Грязь Улица Сходненская Строение 1;Москва;Москва;МОСКВА_193_МТС;г Москва, Сосенское п, км Калужское шоссе 23-й, стр 1;;
ЧЕРНАЯ_ГРЯЗЬ_РФЦ;Деревня Черная Грязь Улица Сходненская Строение 1;Москва;Москва;МОСКВА_196;г Москва, Бескудниковский б-р, д 6 к 4;;
ЧЕРНАЯ_ГРЯЗЬ_РФЦ;Деревня Черная Грязь Улица Сходненская Строение 1;Москва;Москва;МОСКВА_202;г Москва, ул Лукинская, д 8;;
ЧЕРНАЯ_ГРЯЗЬ_РФЦ;Деревня Черная Грязь Улица Сходненская Строение 1;Москва;Москва;МОСКВА_204;г Москва, ул Хромова, д 20;;
ЧЕРНАЯ_ГРЯЗЬ_РФЦ;Деревня Черная Грязь Улица Сходненская Строение 1;Москва;Москва;МОСКВА_21_МТС;г Москва, ул Константина Симонова, д 2А;;
ЧЕРНАЯ_ГРЯЗЬ_РФЦ;Деревня Черная Грязь Улица Сходненская Строение 1;Москва;Москва;МОСКВА_214_Ситилинк (ЗАКРЫТ);г Москва, ул Свободы, д 95 к 2;;
ЧЕРНАЯ_ГРЯЗЬ_РФЦ;Деревня Черная Грязь Улица Сходненская Строение 1;Москва;Москва;МОСКВА_215_Ситилинк;г Москва, ул Наташи Ковшовой, д 8 к 1;;
ЧЕРНАЯ_ГРЯЗЬ_РФЦ;Деревня Черная Грязь Улица Сходненская Строение 1;Москва;Москва;МОСКВА_234;г Москва, ш Волоколамское, д 1 стр 1;;
ЧЕРНАЯ_ГРЯЗЬ_РФЦ;Деревня Черная Грязь Улица Сходненская Строение 1;Москва;Москва;МОСКВА_237_МТС;г Москва, Ярославское шоссе, д 54;;
ЧЕРНАЯ_ГРЯЗЬ_РФЦ;Деревня Черная Грязь Улица Сходненская Строение 1;Москва;Москва;МОСКВА_238_МТС;г Москва, пр-кт Мира, д 146;;
ЧЕРНАЯ_ГРЯЗЬ_РФЦ;Деревня Черная Грязь Улица Сходненская Строение 1;Москва;Москва;МОСКВА_239_МТС;г Москва, ул Бауманская, д 32/2;;
ЧЕРНАЯ_ГРЯЗЬ_РФЦ;Деревня Черная Грязь Улица Сходненская Строение 1;Москва;Москва;МОСКВА_24 (ЗАКРЫТ);г Москва, ул Кожевническая, д 7 стр 1;;
ЧЕРНАЯ_ГРЯЗЬ_РФЦ;Деревня Черная Грязь Улица Сходненская Строение 1;Москва;Москва;МОСКВА_240_МТС;г Москва, ул Золоторожский Вал, д 42;;
ЧЕРНАЯ_ГРЯЗЬ_РФЦ;Деревня Черная Грязь Улица Сходненская Строение 1;Москва;Москва;МОСКВА_241;г Москва, Локомотивный проезд, д 21;;
ЧЕРНАЯ_ГРЯЗЬ_РФЦ;Деревня Черная Грязь Улица Сходненская Строение 1;Москва;Москва;МОСКВА_242_МТС;г Москва, ул Владимирская 2-я, д 38/18;;
ЧЕРНАЯ_ГРЯЗЬ_РФЦ;Деревня Черная Грязь Улица Сходненская Строение 1;Москва;Москва;МОСКВА_243_МТС;г Москва, ш Можайское, д 31 к 1;;
ЧЕРНАЯ_ГРЯЗЬ_РФЦ;Деревня Черная Грязь Улица Сходненская Строение 1;Москва;Москва;МОСКВА_244_МТС;г Москва, ул Ярцевская, д 19;;
ЧЕРНАЯ_ГРЯЗЬ_РФЦ;Деревня Черная Грязь Улица Сходненская Строение 1;Москва;Москва;МОСКВА_246_МТС_Телефон.ру;г Москва, Кутузовский пр-кт, д 22;;
ЧЕРНАЯ_ГРЯЗЬ_РФЦ;Деревня Черная Грязь Улица Сходненская Строение 1;Москва;Москва;МОСКВА_25;г Москва, Ленинградское шоссе, д 58 стр 26;;
ЧЕРНАЯ_ГРЯЗЬ_РФЦ;Деревня Черная Грязь Улица Сходненская Строение 1;Москва;Москва;МОСКВА_250;г Москва, ул Булатниковская, д 6А;;
ЧЕРНАЯ_ГРЯЗЬ_РФЦ;Деревня Черная Грязь Улица Сходненская Строение 1;Москва;Москва;МОСКВА_252_МТС;г Москва, ул Вешняковская, д 18А;;
ЧЕРНАЯ_ГРЯЗЬ_РФЦ;Деревня Черная Грязь Улица Сходненская Строение 1;Москва;Москва;МОСКВА_253_МТС(временно закрыт);г Москва, Варшавское шоссе, д 143А;;
ЧЕРНАЯ_ГРЯЗЬ_РФЦ;Деревня Черная Грязь Улица Сходненская Строение 1;Москва;Москва;МОСКВА_254_МТС;г Москва, ул Черёмушкинская Б., д 1;;
ЧЕРНАЯ_ГРЯЗЬ_РФЦ;Деревня Черная Грязь Улица Сходненская Строение 1;Москва;Москва;МОСКВА_255_МТС;г Москва, ул Шаболовка, д 10 к 1;;
ЧЕРНАЯ_ГРЯЗЬ_РФЦ;Деревня Черная Грязь Улица Сходненская Строение 1;Москва;Москва;МОСКВА_257_МТС;г Москва, ул Красная Сосна, д 2А;;
ЧЕРНАЯ_ГРЯЗЬ_РФЦ;Деревня Черная Грязь Улица Сходненская Строение 1;Москва;Москва;МОСКВА_26;г Москва, пер Холодильный, д 3, пом 11А;;
ЧЕРНАЯ_ГРЯЗЬ_РФЦ;Деревня Черная Грязь Улица Сходненская Строение 1;Москва;Москва;МОСКВА_261_МТС;г Москва, Мичуринский пр-кт, д 27;;
ЧЕРНАЯ_ГРЯЗЬ_РФЦ;Деревня Черная Грязь Улица Сходненская Строение 1;Москва;Москва;МОСКВА_264;г Москва, ул Маршала Малиновского, д 6 к 1;;
ЧЕРНАЯ_ГРЯЗЬ_РФЦ;Деревня Черная Грязь Улица Сходненская Строение 1;Москва;Москва;МОСКВА_266;г Москва, Солнцевский пр-кт, д 11;;
ЧЕРНАЯ_ГРЯЗЬ_РФЦ;Деревня Черная Грязь Улица Сходненская Строение 1;Москва;Москва;МОСКВА_28;г Москва, ул Староалексеевская, д 4;;
ЧЕРНАЯ_ГРЯЗЬ_РФЦ;Деревня Черная Грязь Улица Сходненская Строение 1;Москва;Москва;МОСКВА_285;г Москва, Балаклавский пр-кт, д 5;;
ЧЕРНАЯ_ГРЯЗЬ_РФЦ;Деревня Черная Грязь Улица Сходненская Строение 1;Москва;Москва;МОСКВА_294;г Москва, ул Поклонная, д 11 стр 1;;
ЧЕРНАЯ_ГРЯЗЬ_РФЦ;Деревня Черная Грязь Улица Сходненская Строение 1;Москва;Москва;МОСКВА_295;г Москва, ул Новокузьминская 1-я, д 25;;
ЧЕРНАЯ_ГРЯЗЬ_РФЦ;Деревня Черная Грязь Улица Сходненская Строение 1;Москва;Москва;МОСКВА_297_МТС;г Москва, ул Профсоюзная, д 42 к 1;;
ЧЕРНАЯ_ГРЯЗЬ_РФЦ;Деревня Черная Грязь Улица Сходненская Строение 1;Москва;Москва;МОСКВА_299_МТС;г Москва, ул Тверская-Ямская 1-я, д 8 стр 1;;
ЧЕРНАЯ_ГРЯЗЬ_РФЦ;Деревня Черная Грязь Улица Сходненская Строение 1;Москва;Москва;МОСКВА_300_МТС;г Москва, ул Люблинская, д 169 к 2;;
ЧЕРНАЯ_ГРЯЗЬ_РФЦ;Деревня Черная Грязь Улица Сходненская Строение 1;Москва;Москва;МОСКВА_301_МТС;г Москва, пр-кт Зелёный, д 62Д;;
ЧЕРНАЯ_ГРЯЗЬ_РФЦ;Деревня Черная Грязь Улица Сходненская Строение 1;Москва;Москва;МОСКВА_303_МТС;г Москва, Пятницкое шоссе, д 39;;
ЧЕРНАЯ_ГРЯЗЬ_РФЦ;Деревня Черная Грязь Улица Сходненская Строение 1;Москва;Москва;МОСКВА_305;г Москва, ул 26-ти Бакинских Комиссаров, д 14;;
ЧЕРНАЯ_ГРЯЗЬ_РФЦ;Деревня Черная Грязь Улица Сходненская Строение 1;Москва;Москва;МОСКВА_306;г Москва, Чечёрский проезд, д 8;;
ЧЕРНАЯ_ГРЯЗЬ_РФЦ;Деревня Черная Грязь Улица Сходненская Строение 1;Москва;Москва;МОСКВА_309;г Москва, ул Брянская, д 2;;
ЧЕРНАЯ_ГРЯЗЬ_РФЦ;Деревня Черная Грязь Улица Сходненская Строение 1;Москва;Москва;МОСКВА_311_МТС(закрыт);г Москва, ул Саянская, д 8А;;
ЧЕРНАЯ_ГРЯЗЬ_РФЦ;Деревня Черная Грязь Улица Сходненская Строение 1;Москва;Москва;МОСКВА_312_МТС;г Москва, проезд Анадырский, д 19/2;;
ЧЕРНАЯ_ГРЯЗЬ_РФЦ;Деревня Черная Грязь Улица Сходненская Строение 1;Москва;Москва;МОСКВА_313_МТС;г Москва, ул Земляной Вал, д 21/2 стр 1;;
ЧЕРНАЯ_ГРЯЗЬ_РФЦ;Деревня Черная Грязь Улица Сходненская Строение 1;Москва;Москва;МОСКВА_314_МТС;г Москва, б-р Дмитрия Донского, д 1;;
ЧЕРНАЯ_ГРЯЗЬ_РФЦ;Деревня Черная Грязь Улица Сходненская Строение 1;Москва;Москва;МОСКВА_315_МТС;г Москва, ул Миклухо-Маклая, д 36А;;
ЧЕРНАЯ_ГРЯЗЬ_РФЦ;Деревня Черная Грязь Улица Сходненская Строение 1;Москва;Москва;МОСКВА_316_МТС;г Москва, ул Трофимова, д 35 к 20;;
ЧЕРНАЯ_ГРЯЗЬ_РФЦ;Деревня Черная Грязь Улица Сходненская Строение 1;Москва;Москва;МОСКВА_319;г Москва, пр-кт Зелёный, д 79А;;
ЧЕРНАЯ_ГРЯЗЬ_РФЦ;Деревня Черная Грязь Улица Сходненская Строение 1;Москва;Москва;МОСКВА_32;г Москва, ул Профсоюзная, д 45;;
ЧЕРНАЯ_ГРЯЗЬ_РФЦ;Деревня Черная Грязь Улица Сходненская Строение 1;Москва;Москва;МОСКВА_320 (ФРАНЧ);г Москва, поселение Сосенское, ул Александры Монаховой, д 97;;
ЧЕРНАЯ_ГРЯЗЬ_РФЦ;Деревня Черная Грязь Улица Сходненская Строение 1;Москва;Москва;МОСКВА_322;г Москва, ул Воронежская, д 36 к 1;;
ЧЕРНАЯ_ГРЯЗЬ_РФЦ;Деревня Черная Грязь Улица Сходненская Строение 1;Москва;Москва;МОСКВА_323 (ЗАКРЫТ);г Москва, ул Старокачаловская, д 1Б;;
ЧЕРНАЯ_ГРЯЗЬ_РФЦ;Деревня Черная Грязь Улица Сходненская Строение 1;Москва;Москва;МОСКВА_324;г Москва, ул Вольская 2-я, д 22 к 1;;
ЧЕРНАЯ_ГРЯЗЬ_РФЦ;Деревня Черная Грязь Улица Сходненская Строение 1;Москва;Москва;МОСКВА_327_МТС_Телефон.ру;г Москва, ул Семёновская Б., д 16;;
ЧЕРНАЯ_ГРЯЗЬ_РФЦ;Деревня Черная Грязь Улица Сходненская Строение 1;Москва;Москва;МОСКВА_329_МТС;г Москва, пр-кт Мира, д 182;;
ЧЕРНАЯ_ГРЯЗЬ_РФЦ;Деревня Черная Грязь Улица Сходненская Строение 1;Москва;Москва;МОСКВА_359;г Москва, ул Розанова, д 4;;
ЧЕРНАЯ_ГРЯЗЬ_РФЦ;Деревня Черная Грязь Улица Сходненская Строение 1;Москва;Москва;МОСКВА_360;г Москва, ул Профсоюзная, д 96;;
ЧЕРНАЯ_ГРЯЗЬ_РФЦ;Деревня Черная Грязь Улица Сходненская Строение 1;Москва;Москва;МОСКВА_361;г Москва, Шипиловский проезд, д 43 к 2;;
ЧЕРНАЯ_ГРЯЗЬ_РФЦ;Деревня Черная Грязь Улица Сходненская Строение 1;Москва;Москва;МОСКВА_362;г Москва, б-р Зубовский, д 16, кв 20;;
ЧЕРНАЯ_ГРЯЗЬ_РФЦ;Деревня Черная Грязь Улица Сходненская Строение 1;Москва;Москва;МОСКВА_364;г Москва, ул Кировоградская, д 22Г;;
ЧЕРНАЯ_ГРЯЗЬ_РФЦ;Деревня Черная Грязь Улица Сходненская Строение 1;Москва;Москва;МОСКВА_365;г Москва, пл Сокольническая, д 4А;;
ЧЕРНАЯ_ГРЯЗЬ_РФЦ;Деревня Черная Грязь Улица Сходненская Строение 1;Москва;Москва;МОСКВА_373;Город Москва Шоссе Варшавское Дом 39;;
ЧЕРНАЯ_ГРЯЗЬ_РФЦ;Деревня Черная Грязь Улица Сходненская Строение 1;Москва;Москва;МОСКВА_376;Город МоскваУлица Россошанская Дом 3 Корпус 1А Строение 2;;
ЧЕРНАЯ_ГРЯЗЬ_РФЦ;Деревня Черная Грязь Улица Сходненская Строение 1;Москва;Москва;МОСКВА_377;г Москва, ул Россошанская, д 3 к 1а;;
ЧЕРНАЯ_ГРЯЗЬ_РФЦ;Деревня Черная Грязь Улица Сходненская Строение 1;Москва;Москва;МОСКВА_378;г Москва, ул Толбухина, д 13 к 2;;
ЧЕРНАЯ_ГРЯЗЬ_РФЦ;Деревня Черная Грязь Улица Сходненская Строение 1;Москва;Москва;МОСКВА_38 (ЗАКРЫТ);г Москва, пр-кт Олимпийский, д 16 стр 1;;
ЧЕРНАЯ_ГРЯЗЬ_РФЦ;Деревня Черная Грязь Улица Сходненская Строение 1;Москва;Москва;МОСКВА_385_МТС;г Москва, пер Митинский 3-й, д 3;;
ЧЕРНАЯ_ГРЯЗЬ_РФЦ;Деревня Черная Грязь Улица Сходненская Строение 1;Москва;Москва;МОСКВА_387_МТС;г Москва, ул Кожуховская 7-я, д 9;;
ЧЕРНАЯ_ГРЯЗЬ_РФЦ;Деревня Черная Грязь Улица Сходненская Строение 1;Москва;Москва;МОСКВА_389_МТС;г Москва, Новоясеневский пр-кт, д 11;;
ЧЕРНАЯ_ГРЯЗЬ_РФЦ;Деревня Черная Грязь Улица Сходненская Строение 1;Москва;Москва;МОСКВА_390_МТС;г Москва, ул Снежная, д 27;;
ЧЕРНАЯ_ГРЯЗЬ_РФЦ;Деревня Черная Грязь Улица Сходненская Строение 1;Москва;Москва;МОСКВА_391_МТС(временно закрыт);г Москва, ул Серпуховская Б., д 17 стр 1;;
ЧЕРНАЯ_ГРЯЗЬ_РФЦ;Деревня Черная Грязь Улица Сходненская Строение 1;Москва;Москва;МОСКВА_399;г Москва, Дмитровское шоссе, д 165Е к 12;;
ЧЕРНАЯ_ГРЯЗЬ_РФЦ;Деревня Черная Грязь Улица Сходненская Строение 1;Москва;Москва;МОСКВА_401;г Москва, ул Генерала Белобородова, д 19;;
ЧЕРНАЯ_ГРЯЗЬ_РФЦ;Деревня Черная Грязь Улица Сходненская Строение 1;Москва;Москва;МОСКВА_402 (ЗАКРЫТ);г Москва, ул Дубнинская, д 52 стр 3;;
ЧЕРНАЯ_ГРЯЗЬ_РФЦ;Деревня Черная Грязь Улица Сходненская Строение 1;Москва;Москва;МОСКВА_406;г Москва, ул Борисовские Пруды, д 10 к 4;;
ЧЕРНАЯ_ГРЯЗЬ_РФЦ;Деревня Черная Грязь Улица Сходненская Строение 1;Москва;Москва;МОСКВА_408_МТС;г Москва, ул Совхозная, д 41;;
ЧЕРНАЯ_ГРЯЗЬ_РФЦ;Деревня Черная Грязь Улица Сходненская Строение 1;Москва;Москва;МОСКВА_41;г Москва, ул Перерва, д 43;;
ЧЕРНАЯ_ГРЯЗЬ_РФЦ;Деревня Черная Грязь Улица Сходненская Строение 1;Москва;Москва;МОСКВА_410;г Москва, ул Васильцовский Стан, д 11;;
ЧЕРНАЯ_ГРЯЗЬ_РФЦ;Деревня Черная Грязь Улица Сходненская Строение 1;Москва;Москва;МОСКВА_411;г Москва, ул Профсоюзная, д 3, оф 120;;
ЧЕРНАЯ_ГРЯЗЬ_РФЦ;Деревня Черная Грязь Улица Сходненская Строение 1;Москва;Москва;МОСКВА_412;г Москва, ул Электродная, д 2 стр 28;;
ЧЕРНАЯ_ГРЯЗЬ_РФЦ;Деревня Черная Грязь Улица Сходненская Строение 1;Москва;Москва;МОСКВА_413;г Москва, ул Электродная, д 2 стр 28;;
ЧЕРНАЯ_ГРЯЗЬ_РФЦ;Деревня Черная Грязь Улица Сходненская Строение 1;Москва;Москва;МОСКВА_415_МТС;г Москва, ул Линии Октябрьской Железной Дороги, д 2 стр 2;;
ЧЕРНАЯ_ГРЯЗЬ_РФЦ;Деревня Черная Грязь Улица Сходненская Строение 1;Москва;Москва;МОСКВА_416;г Москва, ул Ленская, д 2/21;;
ЧЕРНАЯ_ГРЯЗЬ_РФЦ;Деревня Черная Грязь Улица Сходненская Строение 1;Москва;Москва;МОСКВА_417;г Москва, ул Новослободская, д 50/1 стр 2;;
ЧЕРНАЯ_ГРЯЗЬ_РФЦ;Деревня Черная Грязь Улица Сходненская Строение 1;Москва;Москва;МОСКВА_418;г Москва, пр-кт Вернадского, д 9/10;;
ЧЕРНАЯ_ГРЯЗЬ_РФЦ;Деревня Черная Грязь Улица Сходненская Строение 1;Москва;Москва;МОСКВА_419;г Москва, Пятницкое шоссе, д 7 к 1;;
ЧЕРНАЯ_ГРЯЗЬ_РФЦ;Деревня Черная Грязь Улица Сходненская Строение 1;Москва;Москва;МОСКВА_42;г Москва, ул Генерала Кузнецова, д 15 к 1;;
ЧЕРНАЯ_ГРЯЗЬ_РФЦ;Деревня Черная Грязь Улица Сходненская Строение 1;Москва;Москва;МОСКВА_421;г Москва, ул Семёновская Б., д 28;;
ЧЕРНАЯ_ГРЯЗЬ_РФЦ;Деревня Черная Грязь Улица Сходненская Строение 1;Москва;Москва;МОСКВА_424;г Москва, ул Народного Ополчения, д 34 стр 1;;
ЧЕРНАЯ_ГРЯЗЬ_РФЦ;Деревня Черная Грязь Улица Сходненская Строение 1;Москва;Москва;МОСКВА_426 (ЗАКРЫТ);г Москва, Звёздный б-р, д 10 стр 1;;
ЧЕРНАЯ_ГРЯЗЬ_РФЦ;Деревня Черная Грязь Улица Сходненская Строение 1;Москва;Москва;МОСКВА_429 (ЗАКРЫТ);г Москва, Каширское шоссе, д 24 стр 7;;
ЧЕРНАЯ_ГРЯЗЬ_РФЦ;Деревня Черная Грязь Улица Сходненская Строение 1;Москва;Москва;МОСКВА_43;г Москва, Чонгарский б-р, д 21;;
ЧЕРНАЯ_ГРЯЗЬ_РФЦ;Деревня Черная Грязь Улица Сходненская Строение 1;Москва;Москва;МОСКВА_430_МТС_ТЕЛЕФОН.РУ;г Москва, ул Святоозерская, д 1А;;
ЧЕРНАЯ_ГРЯЗЬ_РФЦ;Деревня Черная Грязь Улица Сходненская Строение 1;Москва;Москва;МОСКВА_432;г Москва, ул Ярцевская, д 34 стр 1;;
ЧЕРНАЯ_ГРЯЗЬ_РФЦ;Деревня Черная Грязь Улица Сходненская Строение 1;Москва;Москва;МОСКВА_433;г Москва, ул Маршала Василевского, д 17;;
ЧЕРНАЯ_ГРЯЗЬ_РФЦ;Деревня Черная Грязь Улица Сходненская Строение 1;Москва;Москва;МОСКВА_434;г Москва, ул Пришвина, д 22;;
ЧЕРНАЯ_ГРЯЗЬ_РФЦ;Деревня Черная Грязь Улица Сходненская Строение 1;Москва;Москва;МОСКВА_435;г Москва, Зелёный пр-кт, д 24;;
ЧЕРНАЯ_ГРЯЗЬ_РФЦ;Деревня Черная Грязь Улица Сходненская Строение 1;Москва;Москва;МОСКВА_436;г Москва, ул Уральская, д 1;;
ЧЕРНАЯ_ГРЯЗЬ_РФЦ;Деревня Черная Грязь Улица Сходненская Строение 1;Москва;Москва;МОСКВА_437;г Москва, ул Сходненская, д 52 к 1;;
ЧЕРНАЯ_ГРЯЗЬ_РФЦ;Деревня Черная Грязь Улица Сходненская Строение 1;Москва;Москва;МОСКВА_439;г Москва, ул Менжинского, д 36;;
ЧЕРНАЯ_ГРЯЗЬ_РФЦ;Деревня Черная Грязь Улица Сходненская Строение 1;Москва;Москва;МОСКВА_442;г Москва, ул Звенигородская 2-я, д 12 стр 3;;
ЧЕРНАЯ_ГРЯЗЬ_РФЦ;Деревня Черная Грязь Улица Сходненская Строение 1;Москва;Москва;МОСКВА_443;г Москва, пр-кт Вернадского, д 39;;
ЧЕРНАЯ_ГРЯЗЬ_РФЦ;Деревня Черная Грязь Улица Сходненская Строение 1;Москва;Москва;МОСКВА_446_МТС;г Москва, ул Красная Пресня, д 44 стр 1;;
ЧЕРНАЯ_ГРЯЗЬ_РФЦ;Деревня Черная Грязь Улица Сходненская Строение 1;Москва;Москва;МОСКВА_449;г Москва, ул Мичуринский проспект.Олимпийская деревня, д 4 к 2;;
ЧЕРНАЯ_ГРЯЗЬ_РФЦ;Деревня Черная Грязь Улица Сходненская Строение 1;Москва;Москва;МОСКВА_451;г Москва, ул Гурьянова, д 30;;
ЧЕРНАЯ_ГРЯЗЬ_РФЦ;Деревня Черная Грязь Улица Сходненская Строение 1;Москва;Москва;МОСКВА_452_МТС_Телефон.ру;г Москва, ул Куусинена, д 1;;
ЧЕРНАЯ_ГРЯЗЬ_РФЦ;Деревня Черная Грязь Улица Сходненская Строение 1;Москва;Москва;МОСКВА_453;г Москва, ул Руднёвка, д 19;;
ЧЕРНАЯ_ГРЯЗЬ_РФЦ;Деревня Черная Грязь Улица Сходненская Строение 1;Москва;Москва;МОСКВА_454;г Москва, ул Ремизова, д 10;;
ЧЕРНАЯ_ГРЯЗЬ_РФЦ;Деревня Черная Грязь Улица Сходненская Строение 1;Москва;Москва;МОСКВА_457;г Москва, Открытое шоссе, д 24 к 11;;
ЧЕРНАЯ_ГРЯЗЬ_РФЦ;Деревня Черная Грязь Улица Сходненская Строение 1;Москва;Москва;МОСКВА_458 (ЗАКРЫТ);Город Москва Улица Земляной Вал Расположение дом 29;;
ЧЕРНАЯ_ГРЯЗЬ_РФЦ;Деревня Черная Грязь Улица Сходненская Строение 1;Москва;Москва;МОСКВА_461;г Москва, ул Рождественская, д 23/33;;
ЧЕРНАЯ_ГРЯЗЬ_РФЦ;Деревня Черная Грязь Улица Сходненская Строение 1;Москва;Москва;МОСКВА_462 (ЗАКРЫТ);г Москва, ул Профсоюзная, д 146 к 1;;
ЧЕРНАЯ_ГРЯЗЬ_РФЦ;Деревня Черная Грязь Улица Сходненская Строение 1;Москва;Москва;МОСКВА_463;г Москва, ул Никулинская, д 15 к 1;;
ЧЕРНАЯ_ГРЯЗЬ_РФЦ;Деревня Черная Грязь Улица Сходненская Строение 1;Москва;Москва;МОСКВА_466;г Москва, Пролетарский пр-кт, д 31;;
ЧЕРНАЯ_ГРЯЗЬ_РФЦ;Деревня Черная Грязь Улица Сходненская Строение 1;Москва;Москва;МОСКВА_472 (ЗАКРЫТ);г Москва, Зелёный пр-кт, д 62А;;
ЧЕРНАЯ_ГРЯЗЬ_РФЦ;Деревня Черная Грязь Улица Сходненская Строение 1;Москва;Москва;МОСКВА_473 (ЗАКРЫТ);г Москва, ул Братиславская, д 14;;
ЧЕРНАЯ_ГРЯЗЬ_РФЦ;Деревня Черная Грязь Улица Сходненская Строение 1;Москва;Москва;Москва_477;г Москва, Береговой проезд, д 7;;
ЧЕРНАЯ_ГРЯЗЬ_РФЦ;Деревня Черная Грязь Улица Сходненская Строение 1;Москва;Москва;МОСКВА_48;г Москва, Ленинский пр-кт, д 37А;;
ЧЕРНАЯ_ГРЯЗЬ_РФЦ;Деревня Черная Грязь Улица Сходненская Строение 1;Москва;Москва;МОСКВА_481;г Москва, Коровинское шоссе, д 23 к 1;;
ЧЕРНАЯ_ГРЯЗЬ_РФЦ;Деревня Черная Грязь Улица Сходненская Строение 1;Москва;Москва;Москва_482;г Москва, ул Новокосинская, д 10 к 1;;
ЧЕРНАЯ_ГРЯЗЬ_РФЦ;Деревня Черная Грязь Улица Сходненская Строение 1;Москва;Москва;МОСКВА_484 (ЗАКРЫТ);г Москва, Варшавское шоссе, д 76 к 2;;
ЧЕРНАЯ_ГРЯЗЬ_РФЦ;Деревня Черная Грязь Улица Сходненская Строение 1;Москва;Москва;Москва_486;г Москва, ул Полярная, д 10 стр 1;;
ЧЕРНАЯ_ГРЯЗЬ_РФЦ;Деревня Черная Грязь Улица Сходненская Строение 1;Москва;Москва;МОСКВА_489;г Москва, ул Свободы, д 48 стр 1;;
ЧЕРНАЯ_ГРЯЗЬ_РФЦ;Деревня Черная Грязь Улица Сходненская Строение 1;Москва;Москва;МОСКВА_490;г Москва, пр-кт Будённого, д 18Б;;
ЧЕРНАЯ_ГРЯЗЬ_РФЦ;Деревня Черная Грязь Улица Сходненская Строение 1;Москва;Москва;МОСКВА_491;г Москва, Комсомольский пр-кт, д 30;;
ЧЕРНАЯ_ГРЯЗЬ_РФЦ;Деревня Черная Грязь Улица Сходненская Строение 1;Москва;Москва;МОСКВА_492;г Москва, б-р Яна Райниса, д 19 к 2;;
ЧЕРНАЯ_ГРЯЗЬ_РФЦ;Деревня Черная Грязь Улица Сходненская Строение 1;Москва;Москва;МОСКВА_494;г Москва, ул Каховка, д 20 стр 2;;
ЧЕРНАЯ_ГРЯЗЬ_РФЦ;Деревня Черная Грязь Улица Сходненская Строение 1;Москва;Москва;МОСКВА_495;г Москва, Гоголевский б-р, д 8 стр 2;;
ЧЕРНАЯ_ГРЯЗЬ_РФЦ;Деревня Черная Грязь Улица Сходненская Строение 1;Москва;Москва;МОСКВА_496_МТС;Город Москва Улица Гурьянова Дом 2;;
ЧЕРНАЯ_ГРЯЗЬ_РФЦ;Деревня Черная Грязь Улица Сходненская Строение 1;Москва;Москва;МОСКВА_50;г Москва, ул Профсоюзная, д 109;;
ЧЕРНАЯ_ГРЯЗЬ_РФЦ;Деревня Черная Грязь Улица Сходненская Строение 1;Москва;Москва;МОСКВА_502;г Москва, ул Пионерская Б., д 4;;
ЧЕРНАЯ_ГРЯЗЬ_РФЦ;Деревня Черная Грязь Улица Сходненская Строение 1;Москва;Москва;МОСКВА_505;Город МоскваУлица 1905 года Дом 10 Строение 1 Офис 511;;
ЧЕРНАЯ_ГРЯЗЬ_РФЦ;Деревня Черная Грязь Улица Сходненская Строение 1;Москва;Москва;МОСКВА_506;г Москва, ул Грузинская Б., д 20;;
ЧЕРНАЯ_ГРЯЗЬ_РФЦ;Деревня Черная Грязь Улица Сходненская Строение 1;Москва;Москва;МОСКВА_508_МТС;г Москва, ул Совхозная, д 39;;
ЧЕРНАЯ_ГРЯЗЬ_РФЦ;Деревня Черная Грязь Улица Сходненская Строение 1;Москва;Москва;МОСКВА_509;Город Москва Проезд Электролитный Дом 16;;
ЧЕРНАЯ_ГРЯЗЬ_РФЦ;Деревня Черная Грязь Улица Сходненская Строение 1;Москва;Москва;МОСКВА_512;г Москва, ул Шарикоподшипниковская, д 13 стр 2;;
ЧЕРНАЯ_ГРЯЗЬ_РФЦ;Деревня Черная Грязь Улица Сходненская Строение 1;Москва;Москва;МОСКВА_513;г Москва, ул Шаболовка, д 34 стр 6;;
ЧЕРНАЯ_ГРЯЗЬ_РФЦ;Деревня Черная Грязь Улица Сходненская Строение 1;Москва;Москва;МОСКВА_515_МТС;г Москва, Варшавское шоссе, д 60;;
ЧЕРНАЯ_ГРЯЗЬ_РФЦ;Деревня Черная Грязь Улица Сходненская Строение 1;Москва;Москва;МОСКВА_516_МТС;г Москва, МКАД 87-й км, д 8;;
ЧЕРНАЯ_ГРЯЗЬ_РФЦ;Деревня Черная Грязь Улица Сходненская Строение 1;Москва;Москва;МОСКВА_517_МТС;Город Москва Проспект Волгоградский Дом 117/3;;
ЧЕРНАЯ_ГРЯЗЬ_РФЦ;Деревня Черная Грязь Улица Сходненская Строение 1;Москва;Москва;МОСКВА_520_МТС;Город Москва Проспект Ленинский Дом 2/1;;
ЧЕРНАЯ_ГРЯЗЬ_РФЦ;Деревня Черная Грязь Улица Сходненская Строение 1;Москва;Москва;МОСКВА_522_МТС;г Москва, ул Салтыковская, д 49А;;
ЧЕРНАЯ_ГРЯЗЬ_РФЦ;Деревня Черная Грязь Улица Сходненская Строение 1;Москва;Москва;МОСКВА_527;г Москва, ул Радиальная 6-я, д 5 к 4;;
ЧЕРНАЯ_ГРЯЗЬ_РФЦ;Деревня Черная Грязь Улица Сходненская Строение 1;Москва;Москва;МОСКВА_529;г Москва, ул 800-летия Москвы, д 14;;
ЧЕРНАЯ_ГРЯЗЬ_РФЦ;Деревня Черная Грязь Улица Сходненская Строение 1;Москва;Москва;МОСКВА_532;г Москва, ул Электрозаводская, д 24;;
ЧЕРНАЯ_ГРЯЗЬ_РФЦ;Деревня Черная Грязь Улица Сходненская Строение 1;Москва;Москва;МОСКВА_533 (ЗАКРЫТ);г Москва, ул Барклая, д 8;;
ЧЕРНАЯ_ГРЯЗЬ_РФЦ;Деревня Черная Грязь Улица Сходненская Строение 1;Москва;Москва;МОСКВА_537;г Москва, ул Ярославская, д 8 к 3;;
ЧЕРНАЯ_ГРЯЗЬ_РФЦ;Деревня Черная Грязь Улица Сходненская Строение 1;Москва;Москва;МОСКВА_538;г Москва, ул Адмирала Лазарева, д 40;;
ЧЕРНАЯ_ГРЯЗЬ_РФЦ;Деревня Черная Грязь Улица Сходненская Строение 1;Москва;Москва;МОСКВА_539;г Москва, ул Поречная, д 13 к 1;;
ЧЕРНАЯ_ГРЯЗЬ_РФЦ;Деревня Черная Грязь Улица Сходненская Строение 1;Москва;Москва;МОСКВА_542 (ЗАКРЫТ);г Москва, ул Николоямская, д 21/7 стр 1;;
ЧЕРНАЯ_ГРЯЗЬ_РФЦ;Деревня Черная Грязь Улица Сходненская Строение 1;Москва;Москва;МОСКВА_543 (ЗАКРЫТ);г Москва, Анадырский проезд, д 63А;;
ЧЕРНАЯ_ГРЯЗЬ_РФЦ;Деревня Черная Грязь Улица Сходненская Строение 1;Москва;Москва;МОСКВА_544 (ЗАКРЫТ);г Москва, ул Усиевича, д 27 к 1;;
ЧЕРНАЯ_ГРЯЗЬ_РФЦ;Деревня Черная Грязь Улица Сходненская Строение 1;Москва;Москва;МОСКВА_545 (ЗАКРЫТ);г Москва, ул Привольная, д 70 к 1;;
ЧЕРНАЯ_ГРЯЗЬ_РФЦ;Деревня Черная Грязь Улица Сходненская Строение 1;Москва;Москва;Москва_548;г Москва, ул Уральская, д 11;;
ЧЕРНАЯ_ГРЯЗЬ_РФЦ;Деревня Черная Грязь Улица Сходненская Строение 1;Москва;Москва;Москва_549;г Москва, Волжский б-р, д 2/22;;
ЧЕРНАЯ_ГРЯЗЬ_РФЦ;Деревня Черная Грязь Улица Сходненская Строение 1;Москва;Москва;Москва_550;г Москва, ул Правды, д 24 стр 2;;
ЧЕРНАЯ_ГРЯЗЬ_РФЦ;Деревня Черная Грязь Улица Сходненская Строение 1;Москва;Москва;МОСКВА_553;г Москва, ул Производственная, д 4;;
ЧЕРНАЯ_ГРЯЗЬ_РФЦ;Деревня Черная Грязь Улица Сходненская Строение 1;Москва;Москва;МОСКВА_554;г Москва, ул Куусинена, д 2 к 1;;
ЧЕРНАЯ_ГРЯЗЬ_РФЦ;Деревня Черная Грязь Улица Сходненская Строение 1;Москва;Москва;МОСКВА_565;г Москва, Волгоградский пр-кт, д 9 стр 1;;
ЧЕРНАЯ_ГРЯЗЬ_РФЦ;Деревня Черная Грязь Улица Сходненская Строение 1;Москва;Москва;МОСКВА_567;г Москва, ул Панфёрова, д 16 к 1;;
ЧЕРНАЯ_ГРЯЗЬ_РФЦ;Деревня Черная Грязь Улица Сходненская Строение 1;Москва;Москва;МОСКВА_568;г Москва, ул Минская, д 15 к 1;;
ЧЕРНАЯ_ГРЯЗЬ_РФЦ;Деревня Черная Грязь Улица Сходненская Строение 1;Москва;Москва;МОСКВА_569;г Москва, ул Трубная, д 32 стр 4;;
ЧЕРНАЯ_ГРЯЗЬ_РФЦ;Деревня Черная Грязь Улица Сходненская Строение 1;Москва;Москва;МОСКВА_570;г Москва, ул Грина, д 40;;
ЧЕРНАЯ_ГРЯЗЬ_РФЦ;Деревня Черная Грязь Улица Сходненская Строение 1;Москва;Москва;МОСКВА_571;г Москва, Боровское шоссе, д 27;;
ЧЕРНАЯ_ГРЯЗЬ_РФЦ;Деревня Черная Грязь Улица Сходненская Строение 1;Москва;Москва;МОСКВА_572_МТС;г Москва, ул Первомайская, д 74;;
ЧЕРНАЯ_ГРЯЗЬ_РФЦ;Деревня Черная Грязь Улица Сходненская Строение 1;Москва;Москва;МОСКВА_573;г Москва, ул Южнобутовская, д 117;;
ЧЕРНАЯ_ГРЯЗЬ_РФЦ;Деревня Черная Грязь Улица Сходненская Строение 1;Москва;Москва;МОСКВА_575;г Москва, ул Золоторожский Вал, д 38 стр 1;;
ЧЕРНАЯ_ГРЯЗЬ_РФЦ;Деревня Черная Грязь Улица Сходненская Строение 1;Москва;Москва;МОСКВА_576;г Москва, ул Смольная, д 63Б к 1;;
ЧЕРНАЯ_ГРЯЗЬ_РФЦ;Деревня Черная Грязь Улица Сходненская Строение 1;Москва;Москва;МОСКВА_577;г Москва, Осенний б-р, д 7 к 1;;
ЧЕРНАЯ_ГРЯЗЬ_РФЦ;Деревня Черная Грязь Улица Сходненская Строение 1;Москва;Москва;МОСКВА_578;г Москва, ул Первомайская, д 37;;
ЧЕРНАЯ_ГРЯЗЬ_РФЦ;Деревня Черная Грязь Улица Сходненская Строение 1;Москва;Москва;МОСКВА_579;г Москва, Каширское шоссе, д 122;;
ЧЕРНАЯ_ГРЯЗЬ_РФЦ;Деревня Черная Грязь Улица Сходненская Строение 1;Москва;Москва;МОСКВА_580;г Москва, ул Ташкентская, д 34 к 5;;
ЧЕРНАЯ_ГРЯЗЬ_РФЦ;Деревня Черная Грязь Улица Сходненская Строение 1;Москва;Москва;МОСКВА_581;г Москва, ул Вертолётчиков, д 9 к 1;;
ЧЕРНАЯ_ГРЯЗЬ_РФЦ;Деревня Черная Грязь Улица Сходненская Строение 1;Москва;Москва;МОСКВА_582_МТС;г Москва, ул Автозаводская, д 11;;
ЧЕРНАЯ_ГРЯЗЬ_РФЦ;Деревня Черная Грязь Улица Сходненская Строение 1;Москва;Москва;МОСКВА_583 (ЗАКРЫТ);г Москва, ул Братеевская, д 10 к 1;;
ЧЕРНАЯ_ГРЯЗЬ_РФЦ;Деревня Черная Грязь Улица Сходненская Строение 1;Москва;Москва;МОСКВА_584;г Москва, Варшавское шоссе, д 128 к 1 стр 2;;
ЧЕРНАЯ_ГРЯЗЬ_РФЦ;Деревня Черная Грязь Улица Сходненская Строение 1;Москва;Москва;МОСКВА_585;г Москва, ул Живописная, д 8;;
ЧЕРНАЯ_ГРЯЗЬ_РФЦ;Деревня Черная Грязь Улица Сходненская Строение 1;Москва;Москва;МОСКВА_586;г Москва, Ярославское шоссе, д 28;;
ЧЕРНАЯ_ГРЯЗЬ_РФЦ;Деревня Черная Грязь Улица Сходненская Строение 1;Москва;Москва;МОСКВА_587;г Москва, ул Ухтомского Ополчения, д 1;;
ЧЕРНАЯ_ГРЯЗЬ_РФЦ;Деревня Черная Грязь Улица Сходненская Строение 1;Москва;Москва;МОСКВА_588;г Москва, ул Зои и Александра Космодемьянских, д 4 к 1;;
ЧЕРНАЯ_ГРЯЗЬ_РФЦ;Деревня Черная Грязь Улица Сходненская Строение 1;Москва;Москва;МОСКВА_589_Ситилинк;г Москва, ул Митинская, д 27;;
ЧЕРНАЯ_ГРЯЗЬ_РФЦ;Деревня Черная Грязь Улица Сходненская Строение 1;Москва;Москва;МОСКВА_590_Ситилинк;г Москва, ул Ключевая, д 6 к 1;;
ЧЕРНАЯ_ГРЯЗЬ_РФЦ;Деревня Черная Грязь Улица Сходненская Строение 1;Москва;Москва;МОСКВА_591_Ситилинк;г Москва, ул Авиаторов, д 18;;
ЧЕРНАЯ_ГРЯЗЬ_РФЦ;Деревня Черная Грязь Улица Сходненская Строение 1;Москва;Москва;МОСКВА_592_Ситилинк;г Москва, Пролетарский пр-кт, д 14 к 3 стр 49;;
ЧЕРНАЯ_ГРЯЗЬ_РФЦ;Деревня Черная Грязь Улица Сходненская Строение 1;Москва;Москва;МОСКВА_593_Ситилинк;г Москва, ул Грекова, д 3Ж;;
ЧЕРНАЯ_ГРЯЗЬ_РФЦ;Деревня Черная Грязь Улица Сходненская Строение 1;Москва;Москва;МОСКВА_594_Ситилинк;г Москва, ул Семёновская Б., д 49А к 1;;
ЧЕРНАЯ_ГРЯЗЬ_РФЦ;Деревня Черная Грязь Улица Сходненская Строение 1;Москва;Москва;МОСКВА_595;г Москва, пр-кт Мира, д 129;;
ЧЕРНАЯ_ГРЯЗЬ_РФЦ;Деревня Черная Грязь Улица Сходненская Строение 1;Москва;Москва;МОСКВА_596;г Москва, Измайловский б-р, д 60/10;;
ЧЕРНАЯ_ГРЯЗЬ_РФЦ;Деревня Черная Грязь Улица Сходненская Строение 1;Москва;Москва;МОСКВА_597_МТС;Город Москва Улица Новослободская Дом 24/1;;
ЧЕРНАЯ_ГРЯЗЬ_РФЦ;Деревня Черная Грязь Улица Сходненская Строение 1;Москва;Москва;МОСКВА_599_МТС;Город Москва Улица Ельнинская Дом 23/2;;
ЧЕРНАЯ_ГРЯЗЬ_РФЦ;Деревня Черная Грязь Улица Сходненская Строение 1;Москва;Москва;МОСКВА_60;г Москва, ул Покрышкина, д 8 к 3;;
ЧЕРНАЯ_ГРЯЗЬ_РФЦ;Деревня Черная Грязь Улица Сходненская Строение 1;Москва;Москва;МОСКВА_600;г Москва, ул Венёвская, д 4;;
ЧЕРНАЯ_ГРЯЗЬ_РФЦ;Деревня Черная Грязь Улица Сходненская Строение 1;Москва;Москва;МОСКВА_601_МТС_Телефон.ру;г Москва, ул Измайловский Вал, д 2;;
ЧЕРНАЯ_ГРЯЗЬ_РФЦ;Деревня Черная Грязь Улица Сходненская Строение 1;Москва;Москва;МОСКВА_602_МТС;г Москва, Дмитровское шоссе, д 13А;;
ЧЕРНАЯ_ГРЯЗЬ_РФЦ;Деревня Черная Грязь Улица Сходненская Строение 1;Москва;Москва;МОСКВА_603_МТС;г Москва, пр-кт Вернадского, д 14А;;
ЧЕРНАЯ_ГРЯЗЬ_РФЦ;Деревня Черная Грязь Улица Сходненская Строение 1;Москва;Москва;МОСКВА_604_МТС;г Москва, Россошанский проезд, д 3;;
ЧЕРНАЯ_ГРЯЗЬ_РФЦ;Деревня Черная Грязь Улица Сходненская Строение 1;Москва;Москва;МОСКВА_605_МТС;Город Москва Проспект Андропова Дом 25/2;;
ЧЕРНАЯ_ГРЯЗЬ_РФЦ;Деревня Черная Грязь Улица Сходненская Строение 1;Москва;Москва;МОСКВА_606_МТС_Телефон.ру;г Москва, ул Зеленодольская, д 40;;
ЧЕРНАЯ_ГРЯЗЬ_РФЦ;Деревня Черная Грязь Улица Сходненская Строение 1;Москва;Москва;МОСКВА_607_МТС;г Москва, ул Хлобыстова, д 13;;
ЧЕРНАЯ_ГРЯЗЬ_РФЦ;Деревня Черная Грязь Улица Сходненская Строение 1;Москва;Москва;МОСКВА_608_МТС;Город Москва Улица Трофимова Дом 36/1;;
ЧЕРНАЯ_ГРЯЗЬ_РФЦ;Деревня Черная Грязь Улица Сходненская Строение 1;Москва;Москва;МОСКВА_609_МТС;Город Москва Шоссе Измайловское Дом 71;;
ЧЕРНАЯ_ГРЯЗЬ_РФЦ;Деревня Черная Грязь Улица Сходненская Строение 1;Москва;Москва;МОСКВА_611_МТС;Город Москва Улица Шарикоподшипниковская Дом 11/5;;
ЧЕРНАЯ_ГРЯЗЬ_РФЦ;Деревня Черная Грязь Улица Сходненская Строение 1;Москва;Москва;МОСКВА_612_МТС(закрыт);г Москва, ул Сретенка, д 27 стр 1;;
ЧЕРНАЯ_ГРЯЗЬ_РФЦ;Деревня Черная Грязь Улица Сходненская Строение 1;Москва;Москва;МОСКВА_613_МТС(закрыт);Город Москва Бульвар Цветной Дом 11/2;;
ЧЕРНАЯ_ГРЯЗЬ_РФЦ;Деревня Черная Грязь Улица Сходненская Строение 1;Москва;Москва;МОСКВА_614_МТС;г Москва, ул Земляной Вал, д 24/30 стр 1;;
ЧЕРНАЯ_ГРЯЗЬ_РФЦ;Деревня Черная Грязь Улица Сходненская Строение 1;Москва;Москва;МОСКВА_615_МТС;г Москва, пр-кт Мира, д 112;;
ЧЕРНАЯ_ГРЯЗЬ_РФЦ;Деревня Черная Грязь Улица Сходненская Строение 1;Москва;Москва;МОСКВА_616_МТС;Город Москва Улица Ивантеевская Дом 32/2;;
ЧЕРНАЯ_ГРЯЗЬ_РФЦ;Деревня Черная Грязь Улица Сходненская Строение 1;Москва;Москва;МОСКВА_617_МТС_Телефон.ру;г Москва, ул Планерная, д 7;;
ЧЕРНАЯ_ГРЯЗЬ_РФЦ;Деревня Черная Грязь Улица Сходненская Строение 1;Москва;Москва;МОСКВА_618_МТС;г Москва, ул Снежная, д 26;;
ЧЕРНАЯ_ГРЯЗЬ_РФЦ;Деревня Черная Грязь Улица Сходненская Строение 1;Москва;Москва;МОСКВА_619_МТС;г Москва, Гостиничный проезд, д 6 к 2;;
ЧЕРНАЯ_ГРЯЗЬ_РФЦ;Деревня Черная Грязь Улица Сходненская Строение 1;Москва;Москва;МОСКВА_62;г Москва, Измайловский б-р, д 43;;
ЧЕРНАЯ_ГРЯЗЬ_РФЦ;Деревня Черная Грязь Улица Сходненская Строение 1;Москва;Москва;МОСКВА_620;г Москва, ул Главная, д 19Б;;
ЧЕРНАЯ_ГРЯЗЬ_РФЦ;Деревня Черная Грязь Улица Сходненская Строение 1;Москва;Москва;МОСКВА_621;г Москва, Боровское шоссе, д 36;;
ЧЕРНАЯ_ГРЯЗЬ_РФЦ;Деревня Черная Грязь Улица Сходненская Строение 1;Москва;Москва;МОСКВА_622;г Москва, Ангелов пер, д 9;;
ЧЕРНАЯ_ГРЯЗЬ_РФЦ;Деревня Черная Грязь Улица Сходненская Строение 1;Москва;Москва;МОСКВА_623_МТС;г Москва, Дмитровское шоссе, д 73 стр 1;;
ЧЕРНАЯ_ГРЯЗЬ_РФЦ;Деревня Черная Грязь Улица Сходненская Строение 1;Москва;Москва;МОСКВА_624;г Москва, ул Автозаводская, д 23 к 2 стр 931;;
ЧЕРНАЯ_ГРЯЗЬ_РФЦ;Деревня Черная Грязь Улица Сходненская Строение 1;Москва;Москва;МОСКВА_625;г Москва, ул Планерная, д 14 к 2;;
ЧЕРНАЯ_ГРЯЗЬ_РФЦ;Деревня Черная Грязь Улица Сходненская Строение 1;Москва;Москва;МОСКВА_626;г Москва, Ленинградский пр-кт, д 75 к 1;;
ЧЕРНАЯ_ГРЯЗЬ_РФЦ;Деревня Черная Грязь Улица Сходненская Строение 1;Москва;Москва;МОСКВА_627;г Москва, ул Таганрогская, д 11 к 3;;
ЧЕРНАЯ_ГРЯЗЬ_РФЦ;Деревня Черная Грязь Улица Сходненская Строение 1;Москва;Москва;МОСКВА_628;г Москва, ул Профсоюзная, д 32 к 1;;
ЧЕРНАЯ_ГРЯЗЬ_РФЦ;Деревня Черная Грязь Улица Сходненская Строение 1;Москва;Москва;МОСКВА_629;г Москва, ул Череповецкая, д 24;;
ЧЕРНАЯ_ГРЯЗЬ_РФЦ;Деревня Черная Грязь Улица Сходненская Строение 1;Москва;Москва;МОСКВА_630;г Москва, ул Михалковская, д 1/51;;
ЧЕРНАЯ_ГРЯЗЬ_РФЦ;Деревня Черная Грязь Улица Сходненская Строение 1;Москва;Москва;МОСКВА_631;г Москва, Анадырский проезд, д 8 к 1;;
ЧЕРНАЯ_ГРЯЗЬ_РФЦ;Деревня Черная Грязь Улица Сходненская Строение 1;Москва;Москва;МОСКВА_632;г Москва, ул Полтавская, д 35;;
ЧЕРНАЯ_ГРЯЗЬ_РФЦ;Деревня Черная Грязь Улица Сходненская Строение 1;Москва;Москва;МОСКВА_633;г Москва, пер Крутицкий 3-й, д 13;;
ЧЕРНАЯ_ГРЯЗЬ_РФЦ;Деревня Черная Грязь Улица Сходненская Строение 1;Москва;Москва;МОСКВА_634;г Москва, пр-кт Мира, д 224 к 2;;
ЧЕРНАЯ_ГРЯЗЬ_РФЦ;Деревня Черная Грязь Улица Сходненская Строение 1;Москва;Москва;МОСКВА_635;г Москва, ул Лескова, д 19А;;
ЧЕРНАЯ_ГРЯЗЬ_РФЦ;Деревня Черная Грязь Улица Сходненская Строение 1;Москва;Москва;МОСКВА_636;г Москва, ул Маломосковская, д 22 стр 1;;
ЧЕРНАЯ_ГРЯЗЬ_РФЦ;Деревня Черная Грязь Улица Сходненская Строение 1;Москва;Москва;МОСКВА_637;г Москва, ул Тверская-Ямская 4-Я, д 2/11 стр 2;;
ЧЕРНАЯ_ГРЯЗЬ_РФЦ;Деревня Черная Грязь Улица Сходненская Строение 1;Москва;Москва;МОСКВА_638_МТС;г Москва, ул Арбат, д 1;;
ЧЕРНАЯ_ГРЯЗЬ_РФЦ;Деревня Черная Грязь Улица Сходненская Строение 1;Москва;Москва;МОСКВА_639;г Москва, ул Тверская, д 9 стр 7;;
ЧЕРНАЯ_ГРЯЗЬ_РФЦ;Деревня Черная Грязь Улица Сходненская Строение 1;Москва;Москва;МОСКВА_640;г Москва, проезд Серебрякова, д 2 к 1;;
ЧЕРНАЯ_ГРЯЗЬ_РФЦ;Деревня Черная Грязь Улица Сходненская Строение 1;Москва;Москва;МОСКВА_641;г Москва, ул Голубинская, д 16;;
ЧЕРНАЯ_ГРЯЗЬ_РФЦ;Деревня Черная Грязь Улица Сходненская Строение 1;Москва;Москва;МОСКВА_642;г Москва, ул Краснобогатырская, д 9;;
ЧЕРНАЯ_ГРЯЗЬ_РФЦ;Деревня Черная Грязь Улица Сходненская Строение 1;Москва;Москва;МОСКВА_643;г Москва, ш Измайловское, д 73Б;;
ЧЕРНАЯ_ГРЯЗЬ_РФЦ;Деревня Черная Грязь Улица Сходненская Строение 1;Москва;Москва;МОСКВА_644;г Москва, ул Вилиса Лациса, д 3 к 1;;
ЧЕРНАЯ_ГРЯЗЬ_РФЦ;Деревня Черная Грязь Улица Сходненская Строение 1;Москва;Москва;МОСКВА_645;г Москва, пр-кт Маршала Жукова, д 2 к 2;;
ЧЕРНАЯ_ГРЯЗЬ_РФЦ;Деревня Черная Грязь Улица Сходненская Строение 1;Москва;Москва;МОСКВА_646;г Москва, ул Ивана Франко, д 4 к 4;;
ЧЕРНАЯ_ГРЯЗЬ_РФЦ;Деревня Черная Грязь Улица Сходненская Строение 1;Москва;Москва;МОСКВА_647;г Москва, ул Веерная, д 3 к 3;;
ЧЕРНАЯ_ГРЯЗЬ_РФЦ;Деревня Черная Грязь Улица Сходненская Строение 1;Москва;Москва;МОСКВА_648;г Москва, ул Сущёвский Вал, д 5 к 11;;
ЧЕРНАЯ_ГРЯЗЬ_РФЦ;Деревня Черная Грязь Улица Сходненская Строение 1;Москва;Москва;МОСКВА_649;г Москва, ул Молодогвардейская, д 25 к 1;;
ЧЕРНАЯ_ГРЯЗЬ_РФЦ;Деревня Черная Грязь Улица Сходненская Строение 1;Москва;Москва;МОСКВА_650;г Москва, ул Менжинского, д 32 к 1;;
ЧЕРНАЯ_ГРЯЗЬ_РФЦ;Деревня Черная Грязь Улица Сходненская Строение 1;Москва;Москва;МОСКВА_651;г Москва, ул Пржевальского, д 2;;
ЧЕРНАЯ_ГРЯЗЬ_РФЦ;Деревня Черная Грязь Улица Сходненская Строение 1;Москва;Москва;МОСКВА_652;г Москва, ул Окская, д 8 к 2;;
ЧЕРНАЯ_ГРЯЗЬ_РФЦ;Деревня Черная Грязь Улица Сходненская Строение 1;Москва;Москва;МОСКВА_653;г Москва, б-р Дмитрия Донского, д 2 к 1;;
ЧЕРНАЯ_ГРЯЗЬ_РФЦ;Деревня Черная Грязь Улица Сходненская Строение 1;Москва;Москва;МОСКВА_654;г Москва, Новочеркасский б-р, д 51;;
ЧЕРНАЯ_ГРЯЗЬ_РФЦ;Деревня Черная Грязь Улица Сходненская Строение 1;Москва;Москва;МОСКВА_655_МТС;г Москва, ул Тверская-Ямская 1-я, д 2 стр 1;;
ЧЕРНАЯ_ГРЯЗЬ_РФЦ;Деревня Черная Грязь Улица Сходненская Строение 1;Москва;Москва;МОСКВА_656_МТС;г Москва, пл Сухаревская М., д 1 стр 1;;
ЧЕРНАЯ_ГРЯЗЬ_РФЦ;Деревня Черная Грязь Улица Сходненская Строение 1;Москва;Москва;МОСКВА_657;г Москва, ул Молодогвардейская, д 45;;
ЧЕРНАЯ_ГРЯЗЬ_РФЦ;Деревня Черная Грязь Улица Сходненская Строение 1;Москва;Москва;МОСКВА_658;г Москва, ул Дмитрия Ульянова, д 19;;
ЧЕРНАЯ_ГРЯЗЬ_РФЦ;Деревня Черная Грязь Улица Сходненская Строение 1;Москва;Москва;МОСКВА_659;г Москва, ул Кировоградская, д 9 к 4;;
ЧЕРНАЯ_ГРЯЗЬ_РФЦ;Деревня Черная Грязь Улица Сходненская Строение 1;Москва;Москва;МОСКВА_660_МТС;г Москва, Волгоградский пр-кт, д 32 к 1;;
ЧЕРНАЯ_ГРЯЗЬ_РФЦ;Деревня Черная Грязь Улица Сходненская Строение 1;Москва;Москва;МОСКВА_661_МТС;г Москва, ул Владимирская 1-я, д 37/15;;
ЧЕРНАЯ_ГРЯЗЬ_РФЦ;Деревня Черная Грязь Улица Сходненская Строение 1;Москва;Москва;МОСКВА_662;г Москва, ул Коптевская, д 26 к 5;;
ЧЕРНАЯ_ГРЯЗЬ_РФЦ;Деревня Черная Грязь Улица Сходненская Строение 1;Москва;Москва;МОСКВА_663;г Москва, ул Удальцова, д 10;;
ЧЕРНАЯ_ГРЯЗЬ_РФЦ;Деревня Черная Грязь Улица Сходненская Строение 1;Москва;Москва;МОСКВА_664;г Москва, ул Санникова, д 17 стр 2;;
ЧЕРНАЯ_ГРЯЗЬ_РФЦ;Деревня Черная Грязь Улица Сходненская Строение 1;Москва;Москва;МОСКВА_665 (ЗАКРЫТ);г Москва, ул Гарибальди, д 23;;
ЧЕРНАЯ_ГРЯЗЬ_РФЦ;Деревня Черная Грязь Улица Сходненская Строение 1;Москва;Москва;МОСКВА_666;г Москва, ул Братеевская, д 10 к 1;;
ЧЕРНАЯ_ГРЯЗЬ_РФЦ;Деревня Черная Грязь Улица Сходненская Строение 1;Москва;Москва;МОСКВА_74;г Москва, Пятницкое шоссе, д 27 к 1;;
ЧЕРНАЯ_ГРЯЗЬ_РФЦ;Деревня Черная Грязь Улица Сходненская Строение 1;Москва;Москва;МОСКВА_77_Ситилинк;г Москва, ул Вешняковская, д 9 к 2;;
ЧЕРНАЯ_ГРЯЗЬ_РФЦ;Деревня Черная Грязь Улица Сходненская Строение 1;Москва;Москва;МОСКВА_78_Ситилинк;г Москва, ул Лобненская, д 4А;;
ЧЕРНАЯ_ГРЯЗЬ_РФЦ;Деревня Черная Грязь Улица Сходненская Строение 1;Москва;Москва;МОСКВА_79;г Москва, ул Дружинниковская, д 15;;
ЧЕРНАЯ_ГРЯЗЬ_РФЦ;Деревня Черная Грязь Улица Сходненская Строение 1;Москва;Москва;МОСКВА_86;г Москва, ул Таллинская, д 26, оф 17;;
ЧЕРНАЯ_ГРЯЗЬ_РФЦ;Деревня Черная Грязь Улица Сходненская Строение 1;Москва;Москва;МОСКВА_89;г Москва, ул Зеленодольская, д 41 к 1;;
ЧЕРНАЯ_ГРЯЗЬ_РФЦ;Деревня Черная Грязь Улица Сходненская Строение 1;Москва;Москва;МОСКВА_96;г Москва, Симферопольский проезд, д 7, оф 3;;
ЧЕРНАЯ_ГРЯЗЬ_РФЦ;Деревня Черная Грязь Улица Сходненская Строение 1;Москва;Москва;МОСКВА_99;г Москва, ул Декабристов, д 27;;
ЧЕРНАЯ_ГРЯЗЬ_РФЦ;Деревня Черная Грязь Улица Сходненская Строение 1;Москва;Москва;МОСКВА_СПВЗ_АРБАТ;г Москва, ул Арбат, д 10;;
ЧЕРНАЯ_ГРЯЗЬ_РФЦ;Деревня Черная Грязь Улица Сходненская Строение 1;Москва;Москва;МОСКВА_СПВЗ_БАГРАТИОНОВСКАЯ;г Москва, Багратионовский проезд, д 18 стр 1;;
ЧЕРНАЯ_ГРЯЗЬ_РФЦ;Деревня Черная Грязь Улица Сходненская Строение 1;Москва;Москва;МОСКВА_СПВЗ_БЕЛОРУССКАЯ;г Москва, пл Тверская Застава, д 3;;
ЧЕРНАЯ_ГРЯЗЬ_РФЦ;Деревня Черная Грязь Улица Сходненская Строение 1;Москва;Москва;МОСКВА_СПВЗ_ДОМОДЕДОВСКАЯ;г Москва, Ореховый б-р, д 15;;
ЧЕРНАЯ_ГРЯЗЬ_РФЦ;Деревня Черная Грязь Улица Сходненская Строение 1;Москва;Москва;МОСКВА_СПВЗ_КОМСОМОЛЬСКАЯ;г Москва, Комсомольская пл, д 6 стр 1;;
ЧЕРНАЯ_ГРЯЗЬ_РФЦ;Деревня Черная Грязь Улица Сходненская Строение 1;Москва;Москва;МОСКВА_СПВЗ_МАРОСЕЙКА;г Москва, ул Маросейка, д 9/2 стр 8;;
ЧЕРНАЯ_ГРЯЗЬ_РФЦ;Деревня Черная Грязь Улица Сходненская Строение 1;Москва;Москва;МОСКВА_СПВЗ_НОВОКУЗНЕЦКАЯ;г Москва, ул Пятницкая, д 6/1 стр 9;;
ЧЕРНАЯ_ГРЯЗЬ_РФЦ;Деревня Черная Грязь Улица Сходненская Строение 1;Москва;Москва;МОСКВА_СПВЗ_РУБЛЁВСКИЙ;г Москва, Рублёвское шоссе, д 48/1;;
ЧЕРНАЯ_ГРЯЗЬ_РФЦ;Деревня Черная Грязь Улица Сходненская Строение 1;Москва;Москва;МОСКВА_СПВЗ_ТАГАНСКАЯ(ЗАКРЫТ);г Москва, пер Гончарный 1-й, д 4 стр 3;;
ЧЕРНАЯ_ГРЯЗЬ_РФЦ;Деревня Черная Грязь Улица Сходненская Строение 1;Москва;Москва;МОСКВА_СПВЗ_ТВЕРСКАЯ;г Москва, пер Гнездниковский Б., д 3;;
ЧЕРНАЯ_ГРЯЗЬ_РФЦ;Деревня Черная Грязь Улица Сходненская Строение 1;Москва;Москва;МОСКВА_СПВЗ_ТВИН ПЛАЗА;г Москва, Новоясеневский пр-кт, влд 2А стр 1;;
ЧЕРНАЯ_ГРЯЗЬ_РФЦ;Деревня Черная Грязь Улица Сходненская Строение 1;Москва;Москва;МОСКВА_СПВЗ_ТИМИРЯЗЕВСКАЯ;г Москва, ул Яблочкова, д 21А;;
ЧЕРНАЯ_ГРЯЗЬ_РФЦ;Деревня Черная Грязь Улица Сходненская Строение 1;Москва;Москва;МОСКВА_СПВЗ_ЧЕХОВСКАЯ;г Москва, ул Дмитровка М., д 5/9;;
ЧЕРНАЯ_ГРЯЗЬ_РФЦ;Деревня Черная Грязь Улица Сходненская Строение 1;Москва;Москва;МОСКВА_ХАБ;г Москва, Анненский проезд, д 3 стр 2;;
ЧЕРНАЯ_ГРЯЗЬ_РФЦ;Деревня Черная Грязь Улица Сходненская Строение 1;Москва;Москва;МСК_БЕРЕЖКОВСКИЙ_ХАБ;г Москва, Бережковская наб, д 20 стр 88;;
ЧЕРНАЯ_ГРЯЗЬ_РФЦ;Деревня Черная Грязь Улица Сходненская Строение 1;Москва;Москва;МСК_ВАРШАВСКИЙ_ХАБ;г Москва, проезд Варшавский 1-й, д 2 стр 9а;;
ЧЕРНАЯ_ГРЯЗЬ_РФЦ;Деревня Черная Грязь Улица Сходненская Строение 1;Московская область; ;ЛЮБЕРЦЫ_ХАБ;Московская обл, г Люберцы, рп Октябрьский, ул Ленина, д 47;;
ЧЕРНАЯ_ГРЯЗЬ_РФЦ;Деревня Черная Грязь Улица Сходненская Строение 1;Московская область; ;МО_БУТОВО_2_МТС;Микрорайон Бутово парк Дом 8 Корпус 1;;
ЧЕРНАЯ_ГРЯЗЬ_РФЦ;Деревня Черная Грязь Улица Сходненская Строение 1;Московская область; ;МО_ВНИИССОК_1_МТС;Московская обл, Одинцовский р-н, п ВНИИССОК, ул Кленовая, влд 1;;
ЧЕРНАЯ_ГРЯЗЬ_РФЦ;Деревня Черная Грязь Улица Сходненская Строение 1;Московская область; ;МО_ГОРКИ-10_1_МТС_Телефон.ру;Московская обл, Одинцовский р-н, поселок Горки-10, д 30А;;
ЧЕРНАЯ_ГРЯЗЬ_РФЦ;Деревня Черная Грязь Улица Сходненская Строение 1;Московская область; ;МО_Красково_1;Московская обл, г Люберцы, дп Красково, ул Карла Маркса, д 61;;
ЧЕРНАЯ_ГРЯЗЬ_РФЦ;Деревня Черная Грязь Улица Сходненская Строение 1;Московская область; ;МО_МАЛАХОВКА_3_МТС_Телефон.ру;Московская обл, Люберецкий р-н, рп Малаховка, Быковское шоссе, д 37Б;;
ЧЕРНАЯ_ГРЯЗЬ_РФЦ;Деревня Черная Грязь Улица Сходненская Строение 1;Московская область; ;МО_НАХАБИНО_1_МТС;Московская обл, г Красногорск, рп Нахабино, ул Институтская, д 25;;
ЧЕРНАЯ_ГРЯЗЬ_РФЦ;Деревня Черная Грязь Улица Сходненская Строение 1;Московская область; ;МО_НАХАБИНО_3_МТС;Московская обл, г Красногорск, рп Нахабино, ул Институтская, д 27;;
ЧЕРНАЯ_ГРЯЗЬ_РФЦ;Деревня Черная Грязь Улица Сходненская Строение 1;Московская область; ;МО_ТОМИЛИНО_2;Московская обл, г Люберцы, рп Томилино, ул Гоголя, д 19;;
ЧЕРНАЯ_ГРЯЗЬ_РФЦ;Деревня Черная Грязь Улица Сходненская Строение 1;Московская область; ;МО_ТУЧКОВО_2;Московская обл, г Руза, рп Тучково, ул Партизан, д 8 к 1;;
ЧЕРНАЯ_ГРЯЗЬ_РФЦ;Деревня Черная Грязь Улица Сходненская Строение 1;Московская область; ;МО_ТУЧКОВО_3;Московская обл, г Руза, мкр Восточный (рп Тучково), д 6/1 стр 1;;
ЧЕРНАЯ_ГРЯЗЬ_РФЦ;Деревня Черная Грязь Улица Сходненская Строение 1;Московская область; ;МО_ЮДИНО_1_МТС;Московская обл, Одинцовский р-н, село Юдино, ул Пролетарская, д 2А;;
ЧЕРНАЯ_ГРЯЗЬ_РФЦ;Деревня Черная Грязь Улица Сходненская Строение 1;Московская область; ;НОВИНКИ_2_МТС;Московская обл, г Клин, д Новинки, д 115 стр 2;;
ЧЕРНАЯ_ГРЯЗЬ_РФЦ;Деревня Черная Грязь Улица Сходненская Строение 1;Московская область;Балашиха;МО_БАЛАШИХА_1;Московская обл, г Балашиха, ул Свердлова, д 16/5;;
ЧЕРНАЯ_ГРЯЗЬ_РФЦ;Деревня Черная Грязь Улица Сходненская Строение 1;Московская область;Балашиха;МО_БАЛАШИХА_10;Московская обл, г Балашиха, ул Дмитриева, д 26;;
ЧЕРНАЯ_ГРЯЗЬ_РФЦ;Деревня Черная Грязь Улица Сходненская Строение 1;Московская область;Балашиха;МО_БАЛАШИХА_13;Московская обл, г Балашиха, мкр Павлино, д 15/1;;
ЧЕРНАЯ_ГРЯЗЬ_РФЦ;Деревня Черная Грязь Улица Сходненская Строение 1;Московская область;Балашиха;МО_БАЛАШИХА_17_МТС;Московская обл, г Балашиха, Балашихинское шоссе, д 10;;
ЧЕРНАЯ_ГРЯЗЬ_РФЦ;Деревня Черная Грязь Улица Сходненская Строение 1;Московская область;Балашиха;МО_Балашиха_2;Московская обл, г Балашиха, ул Фучика, д 11;;
ЧЕРНАЯ_ГРЯЗЬ_РФЦ;Деревня Черная Грязь Улица Сходненская Строение 1;Московская область;Балашиха;МО_БАЛАШИХА_3_МТС;Московская обл, г Балашиха, шоссе Энтузиастов, д 54А;;
ЧЕРНАЯ_ГРЯЗЬ_РФЦ;Деревня Черная Грязь Улица Сходненская Строение 1;Московская область;Балашиха;МО_БАЛАШИХА_4_МТС;Московская обл, г Балашиха, ул Советская, д 10;;
ЧЕРНАЯ_ГРЯЗЬ_РФЦ;Деревня Черная Грязь Улица Сходненская Строение 1;Московская область;Балашиха;МО_БАЛАШИХА_5;Московская обл, г Балашиха, пр-кт Ленина, д 10А;;
ЧЕРНАЯ_ГРЯЗЬ_РФЦ;Деревня Черная Грязь Улица Сходненская Строение 1;Московская область;Балашиха;МО_БАЛАШИХА_9;Московская обл, г Балашиха, ул Звездная, д 8;;
ЧЕРНАЯ_ГРЯЗЬ_РФЦ;Деревня Черная Грязь Улица Сходненская Строение 1;Московская область;Балашиха;МО_САЛТЫКОВКА_2;Московская обл, г Балашиха, мкр Салтыковка, Разинское шоссе, д 2;;
ЧЕРНАЯ_ГРЯЗЬ_РФЦ;Деревня Черная Грязь Улица Сходненская Строение 1;Московская область;Волоколамск;МО_ВОЛОКОЛАМСК_2_МТС;Московская обл, г Волоколамск, ул Волоколамская, д 4;;
ЧЕРНАЯ_ГРЯЗЬ_РФЦ;Деревня Черная Грязь Улица Сходненская Строение 1;Московская область;Волоколамск;МО_ВОЛОКОЛАМСК_6;Московская обл, г Волоколамск, ул Школьная, д 8А стр 1;;
ЧЕРНАЯ_ГРЯЗЬ_РФЦ;Деревня Черная Грязь Улица Сходненская Строение 1;Московская область;Голицыно;МО_ГОЛИЦЫНО_2_МТС;Московская обл, Одинцовский р-н, г Голицыно, Привокзальная пл, д 11;;
ЧЕРНАЯ_ГРЯЗЬ_РФЦ;Деревня Черная Грязь Улица Сходненская Строение 1;Московская область;Дедовск;МО_ДЕДОВСК_1_МТС;Московская обл, Истринский р-н, г Дедовск, ул Железнодорожная, д 15;;
ЧЕРНАЯ_ГРЯЗЬ_РФЦ;Деревня Черная Грязь Улица Сходненская Строение 1;Московская область;Дмитров;МО_ДМИТРОВ_2;Город Дмитров Улица Маркова Дом 1 Этаж 2;;
ЧЕРНАЯ_ГРЯЗЬ_РФЦ;Деревня Черная Грязь Улица Сходненская Строение 1;Московская область;Дмитров;МО_ДМИТРОВ_3;Московская обл, г Дмитров, ул Космонавтов, д 56;;
ЧЕРНАЯ_ГРЯЗЬ_РФЦ;Деревня Черная Грязь Улица Сходненская Строение 1;Московская область;Дмитров;МО_ДМИТРОВ_6_МТС;Московская обл, г Дмитров, ул Советская, д 3;;
ЧЕРНАЯ_ГРЯЗЬ_РФЦ;Деревня Черная Грязь Улица Сходненская Строение 1;Московская область;Дмитров;МО_ДМИТРОВ_8;Московская обл, г Дмитров, мкр им Константина Аверьянова, д 2А;;
ЧЕРНАЯ_ГРЯЗЬ_РФЦ;Деревня Черная Грязь Улица Сходненская Строение 1;Московская область;Долгопрудный;МО_ДОЛГОПРУДНЫЙ_1;Московская обл, г Долгопрудный, пр-кт Пацаева, д 15А;;
ЧЕРНАЯ_ГРЯЗЬ_РФЦ;Деревня Черная Грязь Улица Сходненская Строение 1;Московская область;Долгопрудный;МО_ДОЛГОПРУДНЫЙ_6_МТС;Московская обл, г Долгопрудный, Лихачевский пр-кт, д 64;;
ЧЕРНАЯ_ГРЯЗЬ_РФЦ;Деревня Черная Грязь Улица Сходненская Строение 1;Московская область;Долгопрудный;МО_ДОЛГОПРУДНЫЙ_7;Город Долгопрудный Площадь Рыночная Дом 5А;;
ЧЕРНАЯ_ГРЯЗЬ_РФЦ;Деревня Черная Грязь Улица Сходненская Строение 1;Московская область;Долгопрудный;МО_ДОЛГОПРУДНЫЙ_8;Московская обл, г Долгопрудный, Лихачевское шоссе, д 6;;
ЧЕРНАЯ_ГРЯЗЬ_РФЦ;Деревня Черная Грязь Улица Сходненская Строение 1;Московская область;Долгопрудный;МО_ДОЛГОПРУДНЫЙ_9_МТС;Город Долгопрудный Шоссе Московское Дом 33А Лит литер А3-А4;;
ЧЕРНАЯ_ГРЯЗЬ_РФЦ;Деревня Черная Грязь Улица Сходненская Строение 1;Московская область;Дубна;МО_ДУБНА_2;Московская обл, г Дубна, пр-кт Боголюбова, д 16А;;
ЧЕРНАЯ_ГРЯЗЬ_РФЦ;Деревня Черная Грязь Улица Сходненская Строение 1;Московская область;Дубна;МО_ДУБНА_3;Московская обл, г Дубна, пр-кт Боголюбова, д 44;;
ЧЕРНАЯ_ГРЯЗЬ_РФЦ;Деревня Черная Грязь Улица Сходненская Строение 1;Московская область;Дубна;МО_ДУБНА_4_МТС;Московская обл, г Дубна, ул Володарского, д 13А;;
ЧЕРНАЯ_ГРЯЗЬ_РФЦ;Деревня Черная Грязь Улица Сходненская Строение 1;Московская область;Дубна;МО_ДУБНА_5;Московская обл, г Дубна, ул Володарского, д 4/18А;;
ЧЕРНАЯ_ГРЯЗЬ_РФЦ;Деревня Черная Грязь Улица Сходненская Строение 1;Московская область;Дубна;МО_ДУБНА_6;Московская обл, г Дубна, ул Мира, д 28;;
ЧЕРНАЯ_ГРЯЗЬ_РФЦ;Деревня Черная Грязь Улица Сходненская Строение 1;Московская область;Железнодорожный;МО_ЖЕЛЕЗНОДОРОЖНЫЙ_4_Ситилинк;Московская обл, г Балашиха, мкр Железнодорожный, ул Пролетарская, д 7;;
ЧЕРНАЯ_ГРЯЗЬ_РФЦ;Деревня Черная Грязь Улица Сходненская Строение 1;Московская область;Железнодорожный;МО_ЖЕЛЕЗНОДОРОЖНЫЙ_6_МТС;Город Железнодорожный Площадь Привокзальная Дом 1;;
ЧЕРНАЯ_ГРЯЗЬ_РФЦ;Деревня Черная Грязь Улица Сходненская Строение 1;Московская область;Звенигород;МО_ЗВЕНИГОРОД_4_МТС_Телефон.ру;Московская обл, г Звенигород, ул Московская, д 20/15;;
ЧЕРНАЯ_ГРЯЗЬ_РФЦ;Деревня Черная Грязь Улица Сходненская Строение 1;Московская область;Звенигород;МО_ЗВЕНИГОРОД_5_МТС_Телефон.ру;Московская обл, г Звенигород, ул Московская, д 14/20;;
ЧЕРНАЯ_ГРЯЗЬ_РФЦ;Деревня Черная Грязь Улица Сходненская Строение 1;Московская область;Истра;МО_ИСТРА_1;Московская обл, г Истра, ул Пролетарская, д 1, оф 31;;
ЧЕРНАЯ_ГРЯЗЬ_РФЦ;Деревня Черная Грязь Улица Сходненская Строение 1;Московская область;Истра;МО_ИСТРА_2_МТС;Московская обл, г Истра, ул Ленина, д 2В;;
ЧЕРНАЯ_ГРЯЗЬ_РФЦ;Деревня Черная Грязь Улица Сходненская Строение 1;Московская область;Истра;МО_ИСТРА_3;Московская обл, г Истра, Воскресенская пл, д 2;;
ЧЕРНАЯ_ГРЯЗЬ_РФЦ;Деревня Черная Грязь Улица Сходненская Строение 1;Московская область;Истра;МО_ИСТРА_4_МТС;Город Истра Площадь Урицкого Дом 1А;;
ЧЕРНАЯ_ГРЯЗЬ_РФЦ;Деревня Черная Грязь Улица Сходненская Строение 1;Московская область;Королев;КОРОЛЕВ_ХАБ;Московская обл, г Королев, ул Первомайская, д 13Б;;
ЧЕРНАЯ_ГРЯЗЬ_РФЦ;Деревня Черная Грязь Улица Сходненская Строение 1;Московская область;Красногорск;КРАСНОГОРСК_ХАБ;Московская обл, г Красногорск, ул Жуковского, д 7;;
ЧЕРНАЯ_ГРЯЗЬ_РФЦ;Деревня Черная Грязь Улица Сходненская Строение 1;Московская область;Красногорск;МО_КРАСНОГОРСК_15;Московская обл, г Красногорск, Красногорский б-р, д 17;;
ЧЕРНАЯ_ГРЯЗЬ_РФЦ;Деревня Черная Грязь Улица Сходненская Строение 1;Московская область;Красногорск;МО_КРАСНОГОРСК_7;Московская обл, г Красногорск, ул Заводская, д 31;;
ЧЕРНАЯ_ГРЯЗЬ_РФЦ;Деревня Черная Грязь Улица Сходненская Строение 1;Московская область;Краснознаменск;МО_КРАСНОЗНАМЕНСК_2;Московская обл, г Краснознаменск, ул Победы, д 28;;
ЧЕРНАЯ_ГРЯЗЬ_РФЦ;Деревня Черная Грязь Улица Сходненская Строение 1;Московская область;Кубинка;МО_КУБИНКА_1_МТС_Телефон.ру;Московская обл, Одинцовский р-н, г Кубинка, Наро-Фоминское шоссе, д 10;;
ЧЕРНАЯ_ГРЯЗЬ_РФЦ;Деревня Черная Грязь Улица Сходненская Строение 1;Московская область;Кубинка;МО_КУБИНКА_2;Московская обл, Одинцовский р-н, г Кубинка, Можайское шоссе, д 110А;;
ЧЕРНАЯ_ГРЯЗЬ_РФЦ;Деревня Черная Грязь Улица Сходненская Строение 1;Московская область;Лобня;МО_ЛОБНЯ_1;Московская обл, г Лобня, ул Маяковского, д 4А;;
ЧЕРНАЯ_ГРЯЗЬ_РФЦ;Деревня Черная Грязь Улица Сходненская Строение 1;Московская область;Лобня;МО_ЛОБНЯ_7_МТС;Московская обл, г Лобня, ул Ленина, д 6/3;;
ЧЕРНАЯ_ГРЯЗЬ_РФЦ;Деревня Черная Грязь Улица Сходненская Строение 1;Московская область;Лобня;МО_ЛОБНЯ_8;Московская обл, г Лобня, ул Ленина, д 23 к 10;;
ЧЕРНАЯ_ГРЯЗЬ_РФЦ;Деревня Черная Грязь Улица Сходненская Строение 1;Московская область;Малаховка;МО_Малаховка_2;Московская обл, Люберецкий р-н, рп Малаховка, Быковское шоссе, д 25;;
ЧЕРНАЯ_ГРЯЗЬ_РФЦ;Деревня Черная Грязь Улица Сходненская Строение 1;Московская область;Можайск;МО_МОЖАЙСК_4;Московская обл, г Можайск, ул Железнодорожная 1-я, д 43;;
ЧЕРНАЯ_ГРЯЗЬ_РФЦ;Деревня Черная Грязь Улица Сходненская Строение 1;Московская область;Можайск;МО_МОЖАЙСК_5;Московская обл, г Можайск, ул Дмитрия Пожарского, д 2;;
ЧЕРНАЯ_ГРЯЗЬ_РФЦ;Деревня Черная Грязь Улица Сходненская Строение 1;Московская область;Можайск;МО_МОЖАЙСК_6_МТС;Московская обл, г Можайск, ул Красных Партизан, д 2;;
ЧЕРНАЯ_ГРЯЗЬ_РФЦ;Деревня Черная Грязь Улица Сходненская Строение 1;Московская область;Мытищи;МО_МЫТИЩИ_18;Московская обл, г Мытищи, ул Борисовка, д 20А;;
ЧЕРНАЯ_ГРЯЗЬ_РФЦ;Деревня Черная Грязь Улица Сходненская Строение 1;Московская область;Ногинск;МО_НОГИНСК_10_МТС;Московская обл, г Ногинск, ул 3 Интернационала, д 62;;
ЧЕРНАЯ_ГРЯЗЬ_РФЦ;Деревня Черная Грязь Улица Сходненская Строение 1;Московская область;Ногинск;МО_НОГИНСК_11_МТС;Московская обл, г Ногинск, ул Советской Конституции, д 2А;;
ЧЕРНАЯ_ГРЯЗЬ_РФЦ;Деревня Черная Грязь Улица Сходненская Строение 1;Московская область;Ногинск;МО_НОГИНСК_6;Московская обл, г Ногинск, ул Самодеятельная, д 10;;
ЧЕРНАЯ_ГРЯЗЬ_РФЦ;Деревня Черная Грязь Улица Сходненская Строение 1;Московская область;Ногинск;МО_НОГИНСК_8_МТС;Город Ногинск Шоссе Горьковское Километр 52;;
ЧЕРНАЯ_ГРЯЗЬ_РФЦ;Деревня Черная Грязь Улица Сходненская Строение 1;Московская область;Ногинск;МО_НОГИНСК_9_МТС;Московская обл, г Ногинск, ул Рогожская, д 67;;
ЧЕРНАЯ_ГРЯЗЬ_РФЦ;Деревня Черная Грязь Улица Сходненская Строение 1;Московская область;Одинцово;МО_ОДИНЦОВО_10_МТС;Московская обл, г Одинцово, ул Советская, д 2;;
ЧЕРНАЯ_ГРЯЗЬ_РФЦ;Деревня Черная Грязь Улица Сходненская Строение 1;Московская область;Одинцово;МО_ОДИНЦОВО_11;Московская обл, г Одинцово, ул Кутузовская, д 9;;
ЧЕРНАЯ_ГРЯЗЬ_РФЦ;Деревня Черная Грязь Улица Сходненская Строение 1;Московская область;Одинцово;МО_ОДИНЦОВО_12;Город Одинцово Поселение Барвихинское Деревня Жуковка Дом 54Б;;
ЧЕРНАЯ_ГРЯЗЬ_РФЦ;Деревня Черная Грязь Улица Сходненская Строение 1;Московская область;Одинцово;МО_ОДИНЦОВО_13_Ситилинк;Московская обл, г Одинцово, ул Свободы, д 1;;
ЧЕРНАЯ_ГРЯЗЬ_РФЦ;Деревня Черная Грязь Улица Сходненская Строение 1;Московская область;Одинцово;МО_ОДИНЦОВО_14;Московская обл, Одинцовский р-н, рп Новоивановское, ул Амбулаторная, д 49А;;
ЧЕРНАЯ_ГРЯЗЬ_РФЦ;Деревня Черная Грязь Улица Сходненская Строение 1;Московская область;Одинцово;МО_ОДИНЦОВО_4_МТС;Московская обл, г Одинцово, Можайское шоссе, д 139А;;
ЧЕРНАЯ_ГРЯЗЬ_РФЦ;Деревня Черная Грязь Улица Сходненская Строение 1;Московская область;Одинцово;МО_ОДИНЦОВО_7_Ситилинк;Московская обл, г Одинцово, Можайское шоссе, д 71В;;
ЧЕРНАЯ_ГРЯЗЬ_РФЦ;Деревня Черная Грязь Улица Сходненская Строение 1;Московская область;Одинцово;МО_ОДИНЦОВО_8;Московская обл, г Одинцово, ул Маковского, д 2;;
ЧЕРНАЯ_ГРЯЗЬ_РФЦ;Деревня Черная Грязь Улица Сходненская Строение 1;Московская область;Орехово-Зуево;МО_ОРЕХОВО_ЗУЕВО_3;Московская обл, г Орехово-Зуево, ул 1905 года, д 19 к а;;
ЧЕРНАЯ_ГРЯЗЬ_РФЦ;Деревня Черная Грязь Улица Сходненская Строение 1;Московская область;Орехово-Зуево;МО_ОРЕХОВО_ЗУЕВО_4_Ситилинк;Московская обл, г Орехово-Зуево, ул Ленина, д 90;;
ЧЕРНАЯ_ГРЯЗЬ_РФЦ;Деревня Черная Грязь Улица Сходненская Строение 1;Московская область;Орехово-Зуево;МО_ОРЕХОВО_ЗУЕВО_5_МТС;Московская обл, г Орехово-Зуево, ул Ленина, д 53;;
ЧЕРНАЯ_ГРЯЗЬ_РФЦ;Деревня Черная Грязь Улица Сходненская Строение 1;Московская область;Орехово-Зуево;МО_ОРЕХОВО_ЗУЕВО_6_МТС;Московская обл, г Орехово-Зуево, ул Урицкого, д 51Б;;
ЧЕРНАЯ_ГРЯЗЬ_РФЦ;Деревня Черная Грязь Улица Сходненская Строение 1;Московская область;Орехово-Зуево;МО_ОРЕХОВО-ЗУЕВО_1_МТС;Московская обл, г Орехово-Зуево, ул Ленина, д 78;;
ЧЕРНАЯ_ГРЯЗЬ_РФЦ;Деревня Черная Грязь Улица Сходненская Строение 1;Московская область;Орехово-Зуево;МО_ОРЕХОВО-ЗУЕВО_2_МТС;Московская обл, г Орехово-Зуево, ул Ленина, д 44;;
ЧЕРНАЯ_ГРЯЗЬ_РФЦ;Деревня Черная Грязь Улица Сходненская Строение 1;Московская область;Павловский Посад;МО_ПАВЛОВСКИЙ ПОСАД_3_МТС(закрыт);Московская обл, г Павловский Посад, ул Большая Покровская, д 35;;
ЧЕРНАЯ_ГРЯЗЬ_РФЦ;Деревня Черная Грязь Улица Сходненская Строение 1;Московская область;Павловский Посад;МО_ПАВЛОВСКИЙ ПОСАД_5_СИТИЛИНК;Город Павловский Посад Улица Павловская Дом 26;;
ЧЕРНАЯ_ГРЯЗЬ_РФЦ;Деревня Черная Грязь Улица Сходненская Строение 1;Московская область;Павловский Посад;МО_ПАВЛОВСКИЙ ПОСАД_6_МТС_Телефон.ру;Московская обл, г Павловский Посад, ул Привокзальная, д 19;;
ЧЕРНАЯ_ГРЯЗЬ_РФЦ;Деревня Черная Грязь Улица Сходненская Строение 1;Московская область;Подольск;ПОДОЛЬСК_ХАБ_ЛОБАЧЕВА;Город Подольск Улица Лобачева Дом 7/3;;
ЧЕРНАЯ_ГРЯЗЬ_РФЦ;Деревня Черная Грязь Улица Сходненская Строение 1;Московская область;Реутов;МО_РЕУТОВ_3;Московская обл, г Реутов, ул Ленина, д 1А;;
ЧЕРНАЯ_ГРЯЗЬ_РФЦ;Деревня Черная Грязь Улица Сходненская Строение 1;Московская область;Реутов;МО_РЕУТОВ_7_МТС;Московская обл, г Реутов, Носовихинское шоссе, д 45;;
ЧЕРНАЯ_ГРЯЗЬ_РФЦ;Деревня Черная Грязь Улица Сходненская Строение 1;Московская область;Реутов;МО_РЕУТОВ_9_МТС;Город Реутов Километр 2 км МКАД Владение вл. 1;;
ЧЕРНАЯ_ГРЯЗЬ_РФЦ;Деревня Черная Грязь Улица Сходненская Строение 1;Московская область;Руза;МО_РУЗА_1_МТС;Московская обл, г Руза, ул Федеративная, д 21 к 2;;
ЧЕРНАЯ_ГРЯЗЬ_РФЦ;Деревня Черная Грязь Улица Сходненская Строение 1;Московская область;Руза;МО_РУЗА_2_МТС;Московская обл, г Руза, ул Солнцева, д 4А;;
ЧЕРНАЯ_ГРЯЗЬ_РФЦ;Деревня Черная Грязь Улица Сходненская Строение 1;Московская область;Руза;МО_РУЗА_3;Московская обл, г Руза, Интернациональный пер, д 5;;
ЧЕРНАЯ_ГРЯЗЬ_РФЦ;Деревня Черная Грязь Улица Сходненская Строение 1;Московская область;Старая Купавна;МО_СТАРАЯ_КУПАВНА_1_МТС(временно закрыт);Московская обл, Ногинский р-н, г Старая Купавна, ул Кирова, д 19;;
ЧЕРНАЯ_ГРЯЗЬ_РФЦ;Деревня Черная Грязь Улица Сходненская Строение 1;Московская область;Талдом;МО_ТАЛДОМ_1_МТС;Московская обл, г Талдом, ул Советская, д 10;;
ЧЕРНАЯ_ГРЯЗЬ_РФЦ;Деревня Черная Грязь Улица Сходненская Строение 1;Московская область;Талдом;МО_ТАЛДОМ_3_МТС;Московская обл, г Талдом, ул Советская, д 23А;;
ЧЕРНАЯ_ГРЯЗЬ_РФЦ;Деревня Черная Грязь Улица Сходненская Строение 1;Московская область;Химки;МО_СХОДНЯ_1_МТС_Телефон.ру;Московская обл, г Химки, мкр Сходня, ул Первомайская, д 2;;
ЧЕРНАЯ_ГРЯЗЬ_РФЦ;Деревня Черная Грязь Улица Сходненская Строение 1;Московская область;Химки;МО_ХИМКИ_10_МТС;Московская обл, г Химки, Юбилейный пр-кт, д 41А;;
ЧЕРНАЯ_ГРЯЗЬ_РФЦ;Деревня Черная Грязь Улица Сходненская Строение 1;Московская область;Химки;МО_ХИМКИ_12;Город Химки Улица Железнодорожная Дом 2;;
ЧЕРНАЯ_ГРЯЗЬ_РФЦ;Деревня Черная Грязь Улица Сходненская Строение 1;Московская область;Химки;МО_ХИМКИ_18;Московская обл, г Химки, мкр Сходня, ул Кирова, д 3;;
ЧЕРНАЯ_ГРЯЗЬ_РФЦ;Деревня Черная Грязь Улица Сходненская Строение 1;Московская область;Химки;МО_ХИМКИ_19_МТС;Город Химки Улица Железнодорожная Дом 1сб;;
ЧЕРНАЯ_ГРЯЗЬ_РФЦ;Деревня Черная Грязь Улица Сходненская Строение 1;Московская область;Химки;МО_ХИМКИ_20;Московская обл, г Химки, Юбилейный пр-кт, д 41/1;;
ЧЕРНАЯ_ГРЯЗЬ_РФЦ;Деревня Черная Грязь Улица Сходненская Строение 1;Московская область;Химки;МО_ХИМКИ_5;Московская обл, г Химки, ул Ленинградская, д 19;;
ЧЕРНАЯ_ГРЯЗЬ_РФЦ;Деревня Черная Грязь Улица Сходненская Строение 1;Московская область;Химки;МО_ХИМКИ_6;Московская обл, г Химки, ул Горшина, д 1;;
ЧЕРНАЯ_ГРЯЗЬ_РФЦ;Деревня Черная Грязь Улица Сходненская Строение 1;Московская область;Химки;МО_ХИМКИ_7;Московская обл, г Химки, мкр Сходня, ул Чапаева, д 1;;
ЧЕРНАЯ_ГРЯЗЬ_РФЦ;Деревня Черная Грязь Улица Сходненская Строение 1;Московская область;Электрогорск;МО_ЭЛЕКТРОГОРСК_2;Московская обл, г Электрогорск, ул М.Горького, д 3Б;;
ЧЕРНАЯ_ГРЯЗЬ_РФЦ;Деревня Черная Грязь Улица Сходненская Строение 1;Московская область;Электросталь;МО_ЭЛЕКТРОСТАЛЬ_10_МТС;Московская обл, г Электросталь, ул Журавлева, д 2;;
ЧЕРНАЯ_ГРЯЗЬ_РФЦ;Деревня Черная Грязь Улица Сходненская Строение 1;Московская область;Электросталь;МО_ЭЛЕКТРОСТАЛЬ_2;Московская обл, г Электросталь, ул Мира, д 11;;
ЧЕРНАЯ_ГРЯЗЬ_РФЦ;Деревня Черная Грязь Улица Сходненская Строение 1;Московская область;Электросталь;МО_ЭЛЕКТРОСТАЛЬ_5_МТС;Московская обл, г Электросталь, ул Мира, д 22;;
ЧЕРНАЯ_ГРЯЗЬ_РФЦ;Деревня Черная Грязь Улица Сходненская Строение 1;Московская область;Электросталь;МО_ЭЛЕКТРОСТАЛЬ_6_МТС;Московская обл, г Электросталь, пр-кт Ленина, д 10;;
ЧЕРНАЯ_ГРЯЗЬ_РФЦ;Деревня Черная Грязь Улица Сходненская Строение 1;Московская область;Электросталь;МО_ЭЛЕКТРОСТАЛЬ_7_МТС;Московская обл, г Электросталь, ул Карла Маркса, д 30А;;
ЧЕРНАЯ_ГРЯЗЬ_РФЦ;Деревня Черная Грязь Улица Сходненская Строение 1;Московская область;Электросталь;МО_ЭЛЕКТРОСТАЛЬ_8_МТС;Город Электросталь Улица Победы Дом 11/1;;
ЧЕРНАЯ_ГРЯЗЬ_РФЦ;Деревня Черная Грязь Улица Сходненская Строение 1;Московская область;Электросталь;МО_ЭЛЕКТРОСТАЛЬ_9_МТС;Город Электросталь Проспект Ленина Дом 32/1;;
ЧЕРНАЯ_ГРЯЗЬ_РФЦ;Деревня Черная Грязь Улица Сходненская Строение 1;Московская область;Яхрома;МО_ЯХРОМА_1_МТС;Московская обл, Дмитровский р-н, г Яхрома, пл Генерала Кузнецова, д 1;;
ЧЕРНАЯ_ГРЯЗЬ_РФЦ;Деревня Черная Грязь Улица Сходненская Строение 1;Тульская область;Тула;ТУЛА_14;г Тула, ул 9 Мая, д 3;;
ЧЕРНАЯ_ГРЯЗЬ_РФЦ;Деревня Черная Грязь Улица Сходненская Строение 1;Тульская область;Тула;ТУЛА_15;г Тула, ул Каминского, д 21, оф 220;;
ЧЕРНАЯ_ГРЯЗЬ_РФЦ;Деревня Черная Грязь Улица Сходненская Строение 1;Тульская область;Тула;ТУЛА_19;г Тула, пр-кт Ленина, д 21;;
ЧЕРНАЯ_ГРЯЗЬ_РФЦ;Деревня Черная Грязь Улица Сходненская Строение 1;Тульская область;Тула;ТУЛА_20;г Тула, ул Ф.Энгельса, д 53;;
ЧЕРНАЯ_ГРЯЗЬ_РФЦ;Деревня Черная Грязь Улица Сходненская Строение 1;Тульская область;Тула;ТУЛА_22;г Тула, ул Михеева, д 8, оф 216;;
ЧЕРНАЯ_ГРЯЗЬ_РФЦ;Деревня Черная Грязь Улица Сходненская Строение 1;Тульская область;Тула;ТУЛА_24;г Тула, пр-кт Ленина, д 85А;;
ЧЕРНАЯ_ГРЯЗЬ_РФЦ;Деревня Черная Грязь Улица Сходненская Строение 1;Тульская область;Тула;ТУЛА_25_МТС;г Тула, ул Октябрьская, д 95;;
ЧЕРНАЯ_ГРЯЗЬ_РФЦ;Деревня Черная Грязь Улица Сходненская Строение 1;Тульская область;Тула;ТУЛА_26_МТС;г Тула, Красноармейский пр-кт, д 34;;
ЧЕРНАЯ_ГРЯЗЬ_РФЦ;Деревня Черная Грязь Улица Сходненская Строение 1;Тульская область;Тула;ТУЛА_28_МТС_Телефон.ру;г Тула, ул Металлургов, д 62А;;
ЧЕРНАЯ_ГРЯЗЬ_РФЦ;Деревня Черная Грязь Улица Сходненская Строение 1;Тульская область;Тула;ТУЛА_30;г Тула, ул Ложевая, д 125А;;
ЧЕРНАЯ_ГРЯЗЬ_РФЦ;Деревня Черная Грязь Улица Сходненская Строение 1;Тульская область;Тула;ТУЛА_32_МТС;г Тула, ул Кутузова, д 13;;
ЧЕРНАЯ_ГРЯЗЬ_РФЦ;Деревня Черная Грязь Улица Сходненская Строение 1;Тульская область;Тула;ТУЛА_34_МТС;г Тула, ул Пролетарская, д 22А;;
ЧЕРНАЯ_ГРЯЗЬ_РФЦ;Деревня Черная Грязь Улица Сходненская Строение 1;Тульская область;Тула;ТУЛА_36_МТС;г Тула, ул Советская, д 25;;
ЧЕРНАЯ_ГРЯЗЬ_РФЦ;Деревня Черная Грязь Улица Сходненская Строение 1;Тульская область;Тула;ТУЛА_38;г Тула, ул Кирова, д 151А;;
ЧЕРНАЯ_ГРЯЗЬ_РФЦ;Деревня Черная Грязь Улица Сходненская Строение 1;Тульская область;Тула;ТУЛА_41;г Тула, пр-кт Ленина, д 108;;
ЧЕРНАЯ_ГРЯЗЬ_РФЦ;Деревня Черная Грязь Улица Сходненская Строение 1;Тульская область;Тула;ТУЛА_42;г Тула, ул Октябрьская, д 37;;
ЧЕРНАЯ_ГРЯЗЬ_РФЦ;Деревня Черная Грязь Улица Сходненская Строение 1;Тульская область;Тула;ТУЛА_43;г Тула, ул Н.Руднева, д 55;;
ЧЕРНАЯ_ГРЯЗЬ_РФЦ;Деревня Черная Грязь Улица Сходненская Строение 1;Тульская область;Тула;ТУЛА_44;г Тула, ул Союзная, д 1;;
ЧЕРНАЯ_ГРЯЗЬ_РФЦ;Деревня Черная Грязь Улица Сходненская Строение 1;Тульская область;Тула;ТУЛА_9;г Тула, ул Пирогова, д 14А;;